serial_no,question,answer
1,মস্তিষ্কের কোন অংশ মানুষের ক্ষুধা নিয়ন্ত্রণ করে?,হাইপোথ্যালামাস
2,ডেলটয়েড টিউবারসিটি কোন অস্থির অংশ?,হিউমেরাস
3,ফুসফুসের আবরণকে কি বলে?,প্লিওরা
4,নিচের কোনটি মানুষের দ্বিতীয় মস্তিষ্ক হিসাবে পরিচিত?,এন্টেরিক স্নায়ুতন্ত্র
5,কানের কোন অংশ ভারসাম্য রক্ষায় কাজ করে?,ভেস্টিবুলার যন্ত্র
6,নিচের কোন হরমোনটি মানুষের ডিম্বাশয় থেকে নিঃসৃত হয়??,প্রজেস্টেরন
7,কোন চক্রের মাধ্যমে যকৃতে ইউরিয়া তৈরী হয়?,অরনিথিন চক্র
8,কোন এন্টিবডি প্রধানত এলার্জির সাথে সংশ্লিষ্ট?,IgE
9,মানবদেহে সপ্তম করোটিক স্নায়ুর নাম কি?,ফেসিয়াল স্নায়ু
10,এনজিওপ্লাস্টি করলে কি হয়?,সরু ধমনী প্রশস্ত হয়
11,কোন কোষ হেপারিন তৈরী ও নিঃসরণ করে?,বেসোফিল
12,ডাক্টাস ক্যুভেইরি রুই মাছের কোন তন্ত্রের অংশ?,শিরাতন্ত্র
13,পেসমেকারের কাজ কি?,হৃদস্পন্দনের ধীরগতি নিয়ন্ত্রণ করে
14,"পূর্ণবয়স্ক সুস্থ মানুষের দুই বৃক্কে প্রতি মিনিটে মোট রক্ত সঞ্চালনের
পরিমাণ-",১২০০ মিঃ লিঃ
15,কোনটির উপস্থিতিতে স্নেহ পদার্থের ইমালসিফিকেশন হয়?,বাইল সল্ট
16,নিচের কোনটি নাইট্রোজেনবিহীন পদার্থ?,ল্যাকটিক এসিড
17,মুখে খাওয়ার পোলিও ভ্যাকসিনটি কোন ধরনের ভ্যাকসিন?,জীবনস্মৃত জীবন্ত টিকা
18,নিচের কোনটি ম্যাক্রোফেজের কাজ নয়?,বিভিন্ন ধরনের এন্টিবডি তৈরি করা
19,অন্তঃশ্বসন-,"A,B"
20,Mollusca এর ক্ষেত্রে কোনটি সঠিক?,নরম ও অখন্ডায়িত
21,গ্লুকাগন-,ইনসুলিনের সাথে বিপরীতভাবে সম্পর্কিত
22,মানবদেহে কোনটি লুপ্তপ্রায় অংগ?,থাইমাস
23,কোন উদ্দীপনা অ্যানিমোট্যাক্সিসকে প্রভাবিত করে?,বায়ুপ্রবাহ
24,মায়োফাইব্রিলে কি ধরনের আমিষ থাকে?,অ্যাকটিন এবং মায়োসিন
25,অন্ত্রের প্রথম প্রতিরক্ষার স্তর কোনটি?,"পাকস্থলির অ্যাসিড, মাইক্রোবায়োম ও মলত্যাগ"
26,বুকের দুধের কোন উপাদানটি নবজাতকের প্রতিরক্ষায় কার্যকর?,ইমিউনোগ্লোবুলিন-এ
27,নিচের কোন স্তন্যপায়ী প্রাণী ডিম পাড়ে?,প্লাটিপাস (Platypus)
29,নিচের চার প্রকোষ্ঠ বিশিষ্ট হৃদপিন্ড কোন প্রাণীতে দেখা যায়?,কুমীর
30,কোন hormone পাকস্থলির এসিড নিঃসরণ নিয়ন্ত্রণ করে?,গ্যাস্ট্রিন
31,কোন কোষ বিভাজন পদ্ধতিতে RBC তৈরি হয়?,mitosis
32,কোন hormone রক্তে Na+ এবং K+ এর সমতা রক্ষা করে?,এলডোস্টেরন
33,স্বাভাবিক অবস্থায় হৃদপিন্ডের পেসমেকার কোনটি?,SA node
34,নিচের কোন রক্তকণিকাটি স্মৃতিকোষ?,লিম্ফোসাইট
35,যকৃতে অবস্থিত ম্যাক্রোফেজকে কি কোষ বলে?,কুফার কোষ
36,পূর্ণবয়স্ক সুস্থ মানুষের দেহের ওজনের কত শতাংশ রক্ত থাকে?,৭-৮%
37,নিচের কোনটিতে হাইড্রার বহিঃকোষীয় পরিপাক সংঘটিত হয়?,সিলেন্টেরন
38,ব্লাড গ্রুপ AB তে প্লাজমায়-,কোন antibody থাকে না
39,কোনটি প্লাজমা প্রোটিন নয়?,ক্রিয়েটিনিন
40,কোন রক্তকণিকা দেহে antibody তৈরি করে?,বি-লিম্ফোসাইট
41,কোনটি Live attenuated ভ্যাক্সিন?,হাম
42,আমাদের জাতীয় পাখির বৈজ্ঞানিক নাম কি?,Copsychus saularis
43,মানবদেহের কোন অঙ্গে সবচেয়ে বেশি মাত্রায় রক্ত প্রবাহিত হয়?,যকৃত
44,ক্ষুদ্রান্ত্রের কোন স্তরে গবলেট কোষ থাকে?,মিউকোসা
45,ভ্রুণ অবস্থায় মাতৃগর্ভে কখন প্রথম হৃদস্পন্দন শুরু হয়?,ষষ্ঠ সপ্তাহ
46,মাতৃদুগ্ধে কোন ধরনের immunoglobulin থাকে?,IgA
47,মানুষের হৃদপিন্ডের কোন প্রকোষ্ঠের প্রাচীর সবচেয়ে পুরু?,বাম নিলয়
48,প্রজাপতি' এর প্রতিসাম্যতা কোন ধরনের?,দ্বিপার্শ্বীয়
49,ঘাসফড়িং এর কোন গ্রন্থি থেকে জুভেনাইল হরমোন ক্ষরিত হয়?,কর্পোরা অ্যালাটা
50,রক্তে অক্সিজেনের মাত্রা (O₂ saturation) ও হৃদস্পন্দন পরিমাপক যন্ত্রের নাম হল-,পালস অক্সিমিটার
51,কেঁচো কোন অঙ্গের মাধ্যমে শ্বাসপ্রশ্বাস নেয়?,ত্বক
52,কোন এনজাইম লালা গ্রন্থিতে পাওয়া যায়?,টায়ালিন
53,"কোন রক্ত কনিকা ""cell-mediated immunity” এর সাথে সম্পৃক্ত?",টি-লিম্ফোসাইট (T-lymphocyte)
54,কোনটি autosomal recessive disorder?,থ্যালাসেমিয়া
55,কোন এনজাইম আমিষ পরিপাকে সাহায্য করে?,ট্রিপসিন
56,কোন পদ্ধতিতে কোভিড ১৯ ভ্যাক্সিন প্রস্তুত করা হয় না?,বিষভিত্তিক (Toxoid)
57,কোনটি ভাইরাস বৃদ্ধিতে বাঁধা দেয়?,Interferon
58,Alveolus থেকে অক্সিজেন রক্তে কিভাবে প্রবেশ করে?,Diffusion
59,কোনটি Exocrine গ্রন্থি নয়?,Thyroid gland
60,কোনটি হাড়ের সাথে পেশি সংযুক্ত করে?,Tendon
61,মানবদেহের রক্তে কোন বাফার দ্রবণ (buffer solution) থাকে?,NaHCO3 and H2CO3
62,কোনটি আমিষ পরিপাককারী (digesting) এনজাইম?,Pepsin
63,নেমাটোসিস্টের (Nematocyst) ভিতরে বিষাক্ত তরল পদার্থের নাম কী?,Hypnotoxin
64,ঘাসফড়িং এর রক্ত কণিকার নাম কী?,Hemocyte
65,ক্ষুদ্রান্ত্রের কোন স্তরে পানপাত্র সেল (Goblet cell) পাওয়া যায়?,Mucosa
66,মাথার খুলিতে কয়টি হাড় রয়েছে?,29
67,কোনটি attenuated টিকা?,BCG vaccine
68,কোন কোষ ম্যাক্রোফেজে (macrophages) রূপান্তরিত হয়?,Monocyte
69,কোন পদ্ধতিতে Hydra লম্বা দূরত্ব অতিক্রম করে?,হামাগুড়ি (looping)
70,কোষের কোথায় ক্রেবস চক্র (Krebs cycle) সংঘটিত হয়?,Mitochondria
71,কোন এনজাইম অগ্ন্যাশয়ে নাই?,Ptyalin
72,ভ্রূণে লোহিত কণিকাসমূহ নিম্নের কোথায় তৈরি হয়?,"A,C"
73,প্রাণিজগতের বৃহত্তম Phylum কোনটি?,Arthropoda
74,লিভারের কোন লোবটি পিত্তথলির সাথে সংযুক্ত থাকে?,Right lobe
75,মানুষের সোমাটিক কোষে কয়টি অটোসোম থাকে?,44
76,গ্রোথ হরমোন কোথায় তৈরি হয়?,Pituitary gland
77,Golgi complex কোনটি সংশ্লেষ (synthesis) করে না?,Ribosome
78,পেসমেকারে কোন ব্যাটারি ব্যবহৃত হয়?,লিথিয়াম
79,দ্বিপদ নামকরণের জনক কে?,ক্যারোলাস লিনিয়াস
80,অন্তঃশ্বসন প্রধানত কোষের কোথায় সংঘটিত হয়?,মাইটোকন্ড্রিয়া
81,নিচের কোনটি হিমোসিলোমেট?,আর্থ্রোপোডা
82,কোনটির 6 টি কোডন আছে?,লিউসিন
83,অত্যাবশ্যকীয় অ্যামিনো এসিড নয় কোনটি?,লাইসিন
84,ইনসুলিন কোথা থেকে নিঃসৃত হয়?,বিটা কোষ থেকে
85,মৎস্যখনি বলা হয়?,হালদা
86,অ্যাপেন্ডিক্স কোথায় থাকে?,সিকোমে
87,পিত্তথলি কোথায় উন্মুক্ত হয়?,ডিওডেনামে
88,কত BMI কে স্বাভাবিক ওজন হিসেবে ধরা হয়?,18.5-24.9
89,লোহিত রক্তকণিকার সাথে সম্পৃক্ত নয় কোনটি?,ফ্যাগোসাইটোসিস
90,কোনটি O₂ যুক্ত রক্ত পরিবহন করে?,পালমোনারি শিরা
91,কোনটি লালাগ্রন্থি নয়?,ম্যাক্সিলারি
92,স্বরযন্ত্রের তরুণাস্থি নয় কোনটি?,হাইওয়েড
93,শ্রোণী অস্থি নয় কোনটি?,ভোমার
94,দেহের ভারসাম্য রক্ষা করে কোনটি?,অন্তঃকর্ণ
95,বয়ঃসন্ধিকালে জরায়ু বৃদ্ধি নিয়ন্ত্রণে ভূমিকা নেই কার?,টেস্টোস্টেরন
96,গ্রন্থিরাজ বলা হয় কোনটিকে?,পিটুইটারি
97,মানবদেহে কোন ইউমিউনোগ্লোবিউলিন অনুপস্থিত?,IgB
98,সেক্স লিঙ্কড জিন নয় কোনটি?,ডাইবেটিস মেলাইটাস
99,রক্ত জমাট বাধার ফ্যাক্টর নয় কোনটি?,K
100,নিচের কোন প্রাণীটি ত্রিস্তরী?,কেঁচো
101,রক্তে গ্লুকোজের মাত্রা নিয়ন্ত্রণে কোন সংবহনতন্ত্রের ভূমিকা রয়েছে?,যকৃত পোর্টালতন্ত্র
102,মূত্রে অস্বাভাবিক হারে অ্যালবুমিন নির্গত হওয়াকে কী বলে?,নেফ্রসিস
103,কোনটি মুখমন্ডলের অস্থি নয়?,এথময়েড
104,উদরীয় টনসিল নামে পরিচিত কোনটি?,অ্যাপেনডিক্স
105,পরিপাক সংবহনের কাজ দুটি সম্পাদন করে-,সিলেন্টেরণ
106,নাইট্রোজেন সংবন্ধন করে নিচের কোনটি?,সবগুলো
107,কোনটি বহুরূপী ব্যাকটেরিয়া?,Rhizobium
108,রুই মাছের আঁশের বৃদ্ধি কোন সময়ে বেশি হয়?,বসন্তকালে
109,কোন গ্রন্থির ক্ষরণকাল আজীবন নয়?,থাইমাস
110,প্রতিবর্তী ক্রিয়া নিয়ন্ত্রিত হয় কোন অঙ্গ দ্বারা?,সুষুম্নাকান্ড
111,রেচনতন্ত্র শিখাকোষ নিয়ে গঠিত কোন পর্বের প্রাণীর?,প্লাটিহেলমেনথিস
112,নিচের কোনটি শ্বাসরঞ্জক নয়?,ক্লোরোসায়ানিন
113,Erythoprotein কোথায় তৈরি হয়?,কিডনি
114,এন্টিবডির গড়ন দেখতে কোন প্রকৃতির?,Y- আকৃতির
115,কোন এনজাইম ব্যাকটেরিয়া ধ্বংস করে?,লাইসোজাইম
116,হিমোগ্লোবিনের কোন অংশে CO₂ যুক্ত হয়?,-NH:
117,সরিসৃপের যুগ কোনটি?,মেসোজয়িক
118,কোন প্রাণীর ক্ষেত্রে পুরুষ অপেক্ষা স্ত্রীতে একটি ক্রোমোজোম বেশী থাকে?,ঘাসফড়িং
119,সবচেয়ে বেশি খাদ্যসার শ্যোবত হয়-,জেজুনাম
120,নিচের কোন কোষ যেকোনো ধরনের কোষে পরিণত হতে পারে?,ইন্টারস্টিশিয়ান কোষ
121,প্লাজমার কোন উপাদান রক্তক্ষরণ বন্ধে সহায়তা করে?,ফাইব্রিনোজেন
122,বর্ণান্ধ বাবা ও স্বাভাবিক দৃষ্টির মায়ের (বাহক নয়) কন্যা সন্তানের স্বাভাবিক দৃষ্টির সম্ভাব্য হার কত?,100%
123,রাইবোজ-,বিভিন্ন কো-এনজাইম তৈরিতে ব্যবহৃত হয়
124,নিচের কোনটি লাইসোসোম (Lysosome) এর বৈশিষ্ট্য?,বিভিন্ন ধরনের এনজাইম থাকে
125,কোন পর্বের প্রাণীতে র ্যাবডিটিফর্ম লার্ভা দশা দেখা যায়?,Nematoda
126,নিচের কোনটিতে অরীয় প্রতিসাম্য দেখা যায়?,জেলিফিস
127,মুখমন্ডলীয় অস্থিতে প্যালেটিন এর সংখ্যা কত?,২
128,রেটিনার কোন ধরনের কোষ থেকে অপটিক স্নায়ু তৈরী হয়?,গাংগ্লিওন কোষ
129,নিচের কোন দুইটি অস্থি । আকৃতির?,"ম্যাক্সিলা, ম্যান্ডিবল"
130,হাইড্রা সামারসল্টিং চলনে একবার চললে কয়টি লুপ তৈরী করে?,২টি
131,অগ্রবক্ষের বড় এবং চওড়া অংশের নাম কি?,প্রোটোনাম
132,রুই মাছের ক্ষেত্রে নিচের কোনটি সঠিক নয়?,রক্ত কণিকা ৩ ধরনের
133,পোডোসাইট কোথায় পাওয়া যায়?,রেনাল করপাসল
134,হাইড্রার দেহের Life Playing Guest বলা হয় কাকে?,Zoochlorellae
135,কোনটির অভাবে টিটেনি হয়?,প্যারাধরমোন
136,ইঁদুর এর ক্ষেত্রে কোনটি ফিনাইল এলানিন কোড করে?,UUU
137,Tidal Volume এর মান কত?,500 ml
138,New Born Baby এর ক্ষেত্রে প্রতি মিনিটে হৃদস্পন্দন হার কত?,১৪০-১৫০
139,সুপারফিশিয়াল কটিক্যাল নেফ্রন কত শতাংশ?,85%
140,ক্ল্যাভিকল অ্যারোমিয়াল প্রান্ত দিয়ে কার সাথে যুক্ত হয়?,স্ক্যাপুলা
141,নিম্নের কোনটি ভ্রূণের এক্টোডার্ম থেকে তৈরি হয়?,স্নায়ুতন্ত্র
142,এনজাইনার ব্যাথা কতক্ষণ স্থায়ী হয়?,৫-৩০ মিনিট
143,ক্লোরোকুইন ওষুধ কোথায় শোষিত হয়?,ক্ষুদ্রান্ত্র
144,শ্বাসনালি কোন ধরনের তরুনাস্থি নির্মিত?,হায়ালিন
145,মানবদেহের দীর্ঘতম কোষ কোনটি?,নিউরন
146,কোন ভিটামিন কোলেস্টেরল থেকে উৎপন্ন হয়?,ভিটামিন-ডি
147,প্রাণীর নখে কোন ধরনের প্রোটিন থাকে?,কেরাটিন
148,কোন ব্যাকটেরিয়া ভিটামিন উৎপন্ন করে?,Escherichia
149,05. দেহের জন্যে ভালো কোলোস্টেরল কোনটি?,HDL
150,মানবদেহের সুনির্দিষ্ট প্রতিরক্ষায় তৃতীয় জ্বরে কাজ করে কোনটি?,লিম্ফোসাইটস
151,কোন লালাগ্রন্থির ভাইরাসজনিত সংক্রমণকে মাম্পস বলে?,প্যারোটিড
152,মেরুদন্ডের কোন অংশে সবচেয়ে বেশি কশেরুকা থাকে?,থোরাসিক
153,ট্রিপসিন জারকের জন্যে সঠিক কোনটি?,এন্টারোকাইনেজের উপস্থিতিতে সক্রিয় হয়
154,পূর্ণবয়স্ক সুস্থ মানুষের দু'টি ফুসফুসে আলভিওলাসের সংখ্যা কত?,৭০০ মিলিয়ন
155,নিচের কোনটিতে রেনাল পোর্টাল সিস্টেম উন্নত ধরণের?,সরীসৃপ
156,মানবদেহের সবচেয়ে ছোট অস্থি কোনটি?,স্টেপিস
157,মানবদেহে অক্সিজেন পরিবহনে কোনটি সঠিক?,ব্যাপন প্রক্রিয়ায় অক্সিজেন কোষাভ্যন্তরে প্রবেশ করে
158,কোন রক্তকণিকা হিস্টামিন নিঃসরণ করে?,বেসোফিল
159,রক্ততঞ্চনের কোন ফ্যাক্টরকে স্ট্যাবল ফ্যাক্টর বলে?,ফ্যাক্টর VII
160,করোনারী হৃদরোগ নির্ণয়ে প্রথম পরীক্ষা কোনটি?,ই. সি. জি
161,বি এম আই (BMI) 37 kg/m² হলে তা স্থূলতার কোন স্তর?,দ্বিতীয় স্তর
162,এপিগ্লটিসে কোন ধরনের তরুণাস্থি থাকে?,পীত তত্ত্বময়
163,মানবদেহে খনিজ লবণ (mineral) এর কাজ কি?,পুষ্টি ও বৃদ্ধিতে সহায়তা
164,একজন প্রাপ্তবয়স্ক মানুষের উপরের পাটির দন্ত-সংকেত কোনটি?,I2C1PM2M3
165,মানুষের হৃৎপিন্ডের বৈশিষ্ট্য কোনটি?,হৃৎপেশির নিঃসাড় কাল দীর্ঘ
166,"মানুষ সর্বভুক প্রাণি। কারণ, মানুষের-","কর্তন, ছেদন ও পেষণ দাঁত আছে"
167,লসিকার (lymph) বৈশিষ্ট্য কোনটি?,লিপিড পরিবহন করে
168,নিঃশ্বাস প্রক্রিয়ায় কোনটি সঠিক?,বক্ষ-গহ্বর ও ফুসফুসের আয়তন হ্রাস পায়
169,মানুষের দাঁত কোন ধরণের?,ডিফায়োডন্ট
170,কোন গ্রন্থি আমিষ শোষণ নিয়ন্ত্রণ করে?,থাইরয়েড
171,খাদ্যের ব্যাকটেরিয়া ধ্বংস করে দাঁতকে রক্ষা করে কোনটি?,লাইসোজাইম
172,ধমনি বিষয়ে কোনটি সঠিক?,কৈশিক জালিকায় সমাপ্ত হয়
173,নিচের কোনটি সেক্স লিংকড (Sex-linked) রোগ নয়?,এ্যানিমিয়া
174,নিচের কোন প্রক্রিয়াটি কোষের জেনেটিক্যালি নিয়ন্ত্রিত মৃত্যু?,Apoptosis
175,জিহ্বার কোন অংশে লবণাক্ত স্বাদ অনুভূত হয়?,পার্শ্বদেশ
176,"চিকিৎসা বিদ্যার কোন শাখায় স্থূলতার কারণ, প্রতিরোধ ও চিকিৎসা সম্বন্ধে আলোচনা করা হয়?",Bariatrics
177,নিচের কোনটি হ্যাগফিশ (Hagfish) নামে পরিচিত?,Myxini
178,"চিকিৎসা বিদ্যার কোন শাখায় স্থূলতার কারণ, প্রতিরোধ ও চিকিৎসা সম্বন্ধে আলোচনা করা হয়?",Bariatrics
179,নিচের কোনটি মেগাক্যারিওসাইট (Megakaryocytes) থেকে উৎপত্তি লাভ করে?,থ্রোম্বোসাইট
180,গলগণ্ড রোগ হয় কোনটির অভাবে?,lodin
181,একটি জিন অন্য জিনের কার্যকারিতা প্রকাশে বাধা দেয়ার প্রক্রিয়াকে কি বলে?,Epistasis
182,কোন প্রানির হৃৎপিন্ডকে ভেনাস হার্ট বলে?,রুই মাছ
183,কোন ভিটামিন কোলেস্টেরল থেকে উৎপন্ন হয়?,Vit-D
184,নিচের কোনটি সঠিক-,শর্করা সঞ্চয় করে অ্যামাইলোপ্লাস্ট
185,এক জোড়া ক্রোমোসোম এক সাথে অবস্থান করলে তাকে কি বলে?,অ্যালিল
186,কোন অঙ্গাণু তে নিজস্ব ডিএনএ পাওয়া যায়?,মাইটোকনড্রিয়া
187,মাইটোসিস কোষ বিভাজনের কোন ক্ষেত্রে মেটাকাইনেসিস (Metakinesis) সংঘটিত হয়?,মেটাফেজ
188,কোন প্রক্রিয়ায় RNA হতে DNA তৈরি হয়?,রিভার্স ট্রান্সক্রিপশন
189,মানব শরীরে কোন লিপিড (Lipid) টি সবচেয়ে বেশী থাকে?,কোলেস্টেরল
190,লার্ভা (Larva) কে সচারচর কোন নামে ডাকা হয়?,Nymph
191,নিচের কোন এনজাইমটি পিত্তরস (Bile) এ থাকে?,কোনটি নয়
192,নিচের কোনটি সাগর ফোয়ারা (Sea squirt) নামে পরিচিত?,Urochordata
193,নিচের কোনটি চর্বিতে দ্রবণীয় ভিটামিন নয়?,ভিটামিন সি
194,নিচের কোনটি পাকস্থলীর প্যারাইটাল সেল থেকে নিঃসৃত হয়?,গ্যাসট্রিন
195,নিচের কোন প্লাজমা প্রোটিন (Plasma protein) টি লিভারে তৈরী হয় না?,Immunoglobulin
196,নিচের কোন ভিটামিন মানব দেহে তৈরী হয়?,ফলিক এসিড
197,প্যানক্রিয়াসের আইলেটস অব ল্যাঙ্গার হ্যান্স এর কোন কোষ (Cells) থেকে ইনসুলিন নিঃসৃত হয়?,বিটা কোষ
198,এমআরআই (MRI) এর অর্থ কি?,Magnetic Resonance Imaging
199,নিচের কোনটি যকৃতের সবচেয়ে বড় খন্ড (Lobe)?,Right lobe
200,প্রাণিজগতের ক্ষুদ্রতম পর্ব (Phylum) কোনটি?,Placozoa
201,আবরণী কলার নিচের কোনটি নড়াচড়ার কাজে ব্যবহৃত হয়?,সিলিয়া
202,শ্বসনতন্ত্রের উৎপত্তি কোথা থেকে হয়?,Endoderm
203,সিক্রেটিন নিঃসৃত হয় কোথায় থেকে?,Duodenum
204,রক্তের pH কত?,7.4
205,হাইড্রার চলন নয় কোনটি?,ড্রপিং
206,কম্বোজ প্রাণি কোনটি?,মলাস্কা
207,রেচনতন্ত্র শিখা কোষ দিয়ে কোনটি গঠিত?,Fasciola hepatica
208,নিডোব্লাস্টের কাজ নয় কোনটি?,পরিপাক
209,ঘাস ফড়িং এর শ্রেণি বিন্যাস নয় কোনটি?,Class: Pterygota
210,যকৃতের আবরণ কোনটি?,গ্লিসন ক্যাপসুল
211,কোনটি ওজন বাড়ায় না?,লরকেস্টিন
212,ফাইব্রিন জালক সৃষ্টি করে কত নং ফ্যাক্টর?,ফ্যাক্টর-১৩
213,ম্যক্রোলেসিথাল কার ডিম্বাণু?,মানুষ
214,কোন পর্বের প্রাণিদের Plannula লার্ভা দশা রয়েছে?,Cnidaria
215,মানবদেহে বৃক্কের মাধ্যমে প্রতি মিনিটে কী পরিমাণ রক্ত প্রবাহিত হয়?,1200 ঘনসেমি
217,আইলেটস অব ল্যাঙ্গারহ্যানস এর কোষ নয় কোনটি?,গামা
218,নিচের কোন কোষ এন্টিবডি তৈরি করে?,প্লাজমা B কোষ
219,পৌষ্টিক নালির প্রাচীরে বিকশিত লসিকা নালিদের কি বলে?,ল্যাকটিয়েলস
220,শ্বাসনালি কোন ধরনের তরুনাস্থি নির্মিত?,হায়ালিন
221,কোনটি ভাইরাস বৃদ্ধিতে বাঁধা দেয়?,Interferon
222,Alveolus থেকে অক্সিজেন রক্তে কিভাবে প্রবেশ করে?,Diffusion
223,কোনটি Exocrine গ্রন্থি নয়?,Thyroid gland
224,কোনটি হাড়ের সাথে পেশি সংযুক্ত করে?,Tendon
225,মানবদেহের রক্তে কোন বাফার দ্রবণ (buffer solution) থাকে?,NaHCO₃ and H₂CO₃
226,কোনটি আমিষ পরিপাককারী (digesting) এনজাইম?,Pepsin
227,নেমাটোসিস্টের (Nematocyst) ভিতরে বিষাক্ত তরুণ পদার্থের নাম কী?,Hypnotoxin
228,ঘাসফড়িং এর রক্ত কণিকার নাম কী?,Hemocyte
229,ক্ষুদ্রান্ত্রের কোন জ্বরে পানপাত্র সেল (Goblet cell) পাওয়া যায়?,Mucosa
230,মাথার খুলিতে কয়টি হাড় রয়েছে?,29
231,কোন কোষ ম্যাক্রোফেজে (macrophages) রূপান্তরিত হয়?,Monocyte
232,কোনটি attenuated টিকা?,BCG vaccine
233,কোন পদ্ধতিতে Hydra লম্বা দূরত্ব আক্রম করে?,হামাগুড়ি (looping)
234,কোষের কোথায় ক্রেবস চক্র (Krebs cycle) সংঘটিত হয়?,Mitochondria
235,কোন এনজাইম অগ্ন্যাশয়ে নাই?,Ptyalin
236,প্রাণিজগতের বৃহত্তম Phylum কোনটি?,Arthropoda
237,লিভারের কোন লোবটি পিত্তথলির সাথে সংযুক্ত থাকে?,Right lobe
238,গ্রোথ হরমোন কোথায় তৈরি হয়?,Pituitary gland
239,Golgi complex কোনটি সংশ্লেষ (synthesis) করে না?,Ribosome
240,ভ্রূণে লোহিত কণিকাসমূহ নিম্নের কোথায় তৈরি হয়?,"A,C"
241,নিচের কোন গ্রন্থিটি ভিন্ন প্রকৃতির?,এড্রেনাল
242,কবুতর' কোন শ্রেণির প্রাণী?,Aves
243,মানবদেহের কোন অঙ্গ ফিব্রিনোজেন তৈরি করে?,যকৃত
244,নিচের কোনটি দ্বিস্তরী?,হাইড্রা
245,সবচেয়ে বেশি খাদ্যসার শোষণ হয় কোথায়?,জেজুনামে
246,সর্বজনীন গ্রহীতা Blood group কোনটি?,AB
247,মানবদেহের কোন অঙ্গে সর্বোচ্চ সংখ্যক গবলেট কোষ পাওয়া যায়?,বৃহদন্ত্র
248,হৃৎপিণ্ডে অবস্থিত কোন সংযোগকারী কলা (Junctional tissue) কে পেসমেকার বলা হয়?,সাইনো-অ্যাট্রিয়াল নোড
249,ঘাসফড়িং এর হেপাটিক সিকা কয়টি?,12
250,পাকস্থলির কোন কোষ থেকে হাইড্রোক্লোরিক এসিড নিঃসৃত হয়?,প্যারাইটাল কোষ
251,নিচের কোন অঙ্গ ইরাইস্ট্রোপোয়েটিন (Erythropoietin) উৎপাদন করে?,বৃক্ক
252,শ্বাসতন্ত্রের কোন অংশে গ্যাসীয় বিনিময় হয়?,অ্যালভিওলাস
253,প্যারাসিমপ্যাথেটিক স্নায়ু নিচের কোন করোটিক স্নায়ুতে পাওয়া যায়?,অকূলোমোটর
254,হাইড্রার কোন অংশে নিডোসাইট কোষ সবচেয়ে বেশি থাকে?,কর্ষিকা
255,নিচের কোনটিতে ঐচ্ছিক পেশি পাওয়া যায়?,জিহ্বা
256,কোন রক্ত কণিকা অ্যান্টিবডি তৈরি করে?,বি-লিম্ফোসাইট
257,আন্তঃকশেরুকা চাকতিতে কী ধরনের তরুণাস্থি পাওয়া যায়?,শ্বেত-তত্ত্বময় তরুণাস্থি
258,মাইটোসিসে কোষের ভিতয়ে নিউক্লিয়াসের বিভাজনকে কী বলে?,ক্যারিওকাইনেসিস
259,নিচের কোনটি রক্তনালির সংকোচন ঘটিয়ে রক্তপাত হ্রাস করে?,সেরোটোনিন
260,নিচের কোন হরমোনটি রক্তে সোডিয়ামের মাত্রা নিয়ন্ত্রণ করে?,অ্যালডোস্টেরন
261,নিচের কোনটি মিশ্র করোটিক স্নায়ু (Mixed cranial nerve) নয়?,হাইপোগ্লোসাল
262,কোন প্রক্রিয়ায় নিউক্লিয়াসের বিভাজন ঘটে?,ক্যারিওকাইনেসিস
263,নিচের কোনটি খাদ্য গিলে ফেলার সময় স্বরযন্ত্র (Larynx) এর ছিদ্র বন্ধ করে?,আলজিহ্বা
264,কোন ধমনি রুই মাছের বক্ষ পাখনাকে (pectoral fin) রক্ত সরবরাহ করে?,সাবক্ল্যাভিয়ান ধমনি
265,ঘাসফড়িং-এর স্পাইরাকল কে ঘিরে রাখে কোনটি?,পেরিট্রিম
266,মানুষের ক্ষেত্রে নিচের কোনটি এক্টোডার্ম (Ectoderm) থেকে গঠিত হয়?,চক্ষুর লেন্স
267,নিচের কোন হরমোনটি ডিম্বাশয়ের কর্পাস লুটিয়াম থেকে নিঃসৃত হয়?,প্রোজোস্টেরন
268,নিচের কোন গ্রন্থির নালি দ্বিতীয় ঊর্ধ্ব মোলার দাঁতের মুখগহ্বরে উন্মুক্ত হয়?,প্যারোটিড গ্রন্থি
269,কোষের কোন অঙ্গাণু অটোফ্যাগিতে জড়িত?,লাইসোসোম
270,কোনটি কিডনীর কাজ নয়?,শ্বেত কণিকা (WBC) উৎপাদন
271,মানুষের মুখমণ্ডলে কতগুলো অস্থি আছে?,১৪
272,রক্ত জমাট বাঁধতে নিচের কোন ধাতব আয়নটি অংশগ্রহণ করে?,Ca++
273,ক্রোমাটোগ্রাফির (Chromatography) কয়টি পর্যায় (Phase) আছে?,02
274,নিচের কোনটি পিত্তরসের উপাদান নয়?,গ্লুকোজ
275,নিচের কোনটি পশ্চাৎ মস্তিষ্কের (Hindbrain) অংশ নয়?,হাইপোথ্যালামাস
276,কোনটি চোখে প্রতিসারক মাধ্যম হিসাবে কাজ করে না?,রেটিনা
277,নিচের কোন হরমোনটি পাকস্থলির HCI নিঃসরণ নিয়ন্ত্রণ করে?,গ্যাস্ট্রিন
278,নিচের কোন স্তন্যপায়ী প্রাণির (Mammals) দুগ্ধে ল্যাকটোজ সবচেয়ে বেশি থাকে?,মানুষ
279,নিচের কোনটি বহিঃক্ষরা (Exocrine) গ্রন্থি নয়?,থাইরয়েড গ্রন্থি
280,নিচের কোনটি টক্সোয়েড ভ্যাকসিন?,ডিপথেরিয়া
281,কী ধরনের এপিথেলিয়াম বোম্যান'স ক্যাপসুল গঠন করে?,Squamous
282,নিচের কোন কোষটি হাইড্রার এপিডার্মিস (Epidermis) এর অংশ নয়?,ক্ষণপদীয় কোষ
283,কোনটি খাদ্যমণ্ড (Food bolus) কে মানবদেহের নাসাছিদ্রের (Nasal aperture) পথে প্রবেশে বাধা দেয়?,কোমল তালু
284,নিচের কোনটি ঘাসফড়িং এর পশ্চাৎ-পোষ্টিকনালির অংশ?,ইলিয়াম
285,নিচের কোনটি অ্যান্টিজেন নয়?,লিপিড
286,কোন প্রযুক্তি ইনসুলিন তৈরিতে ব্যবহার করা হয়?,ডিএনএ রিকম্বিনেন্ট
287,নিচের কোন হরমোনটি থাইরয়েড গ্রন্থি থেকে নিঃসৃত হয় না?,অক্সিটোসিন
288,বৃক্কের গাঠনিক ও কার্ষিক একক কোনটি?,নেফ্রন
289,নিচের কোনটি মারসুপিয়াল স্তন্যপায়ী প্রাণী?,ক্যাঙ্গারু
290,নিচের কোনটি ভাইরাসকে নিষ্ক্রিয় করতে পারে?,ইন্টারফেরন
291,নিচের কোন গ্রন্থিটি ক্যালসিয়াম বিপাকে সহায়তা করে?,প্যারাথাইরয়েড
292,মাতৃদুগ্ধে কোন অ্যান্টিবডি (Antibody) পাওয়া যায়?,IgA
293,নিচের কোন এনজাইমটি অগ্ন্যাশয় রসে বিদ্যমান?,ট্রিপসিন
294,নিচের কোনটি রক্ত জমাট বাঁধার মূল উপাদান নয়?,অ্যালবুমিন
295,অন্ত্রের কোন স্তরে গবলেট কোষ (Goblet cell) থাকে?,মিউকোসা
296,কোনটি সিক্রেটিন ক্ষরণ করে?,ডিওডেনাম
297,Arthropoda এর বর্গ নয় কোনটি?,Gastropoda
298,কোথায় এনজাইম নেই?,পিত্তরসে
299,ক্ষুদ্র লসিক নালিকে কি বলে?,ল্যাক্টিয়াল
300,হার্ডেরিয়ান গ্রন্থির অবস্থান কোথায়?,চোখ
301,পিটুইটারি গ্রন্থি থেকে কোন হরমোন নিঃসৃত হয়?,TSH
302,শুক্রাণুর অ্যাক্রোসোম তৈরি করে কোনটি?,গলগি বডি
303,কোনটি অতি বিপন্ন প্রাণী?,সাইবেরিয়ান বাঘ
304,ট্রফোব্লাস্ট থেকে ভিলাই বের হতে থাকে—,২য় সপ্তাহের শেষে
305,অ্যানিমাল পোলের ক্ষেত্রে কোনটি সঠিক?,কোষগুলো অনেক দ্রুত বিভাজিত হয়
307,কোনটি বর্ণ সংবেদী?,রডকোষ
308,থিবেসিয়ান কপাটিকা কোথায় অবস্থিত?,
309,জীব-বৈচিত্র্য অঞ্চলকে কী বলা হয়?,হটস্পট
310,শীতকালে কোন প্রাণীটি ঘুমিয়ে কাটায়?,
311,সিফিলিস রোগের জন্য দায়ী নিচের কোনটি?,Treponema pallidum
312,জিহ্বা থেকে স্বাদের অনুভূতি গ্রহণ করে কোন স্নায়ু?,গ্লসোফ্যারিঞ্জিয়াল স্নায়ু
313,নিচের কোনটি ক্যান্সার রোগের চিকিৎসায় ব্যবহৃত হয়?,Interferone
314,নিচের কোন বৈশিষ্ট্য পলিজিন দ্বারা নিয়ন্ত্রিত হয় না?,আকৃতি
315,নিচের কোনটি মিশ্র গ্রন্থির উদাহরণ নয়?,এড্রেনাল গ্রন্থি
316,নিচের কোনটি সমগোত্রীয় পাখির উদাহরণ নয়?,চড়ুই
317,কোনটি সেরেব্রামের কাজ নয়?,শ্বাসপ্রশ্বাসের হার
318,চোখের লেন্স ও রেটিনার মধ্যে অবস্থান করে নিচের কোনটি?,ভিট্রিয়াস হিউমার
319,মধ্যচ্ছদার উপস্থিতি বা Presence of diaphragm কোন পর্বের প্রাণির বৈশিষ্ট্য?,Mammalia
320,হাইড্রার এন্ডোডার্মিসের যেকোনো কোষ তৈরি করতে পারে কোনটি?,ইন্টারস্টিশিয়াল কোষ
321,বাংলাদেশে সন্ধানপ্রাপ্ত ঘাসফড়িংয়ের প্রজাতির সংখ্যা কত?,বিশটি
322,রুই মাছের হৃৎপিণ্ডকে কী নামে অভিহিত করা হয়?,শিরা হৃৎপিণ্ড
323,একজন পূর্ণ বয়স্ক মানুষের নিচের চোয়ালে মোলার দাঁতের সংখ্যা কত?,৬টি
324,মানুষের যকৃতের বাহিরের দিকে আবৃতকারী পর্দার নাম কী?,গ্লিসনস ক্যাপসুল
325,স্থুলতার সাথে নিচের কোন রোগটি সম্পর্ক যুক্ত নয়?,টাইপ-১ ডায়াবেটিস মেলাইটাস
326,মানবদেহে শ্বেত রক্ত কণিকার পরিমাণ 4000/dL এর চেয়ে কমে গেলে সেই অবস্থাকে কী বলে?,Lukopenia
327,সাইনুসাইটিস রোগের প্রধান উপসর্গ কোনটি?,কাশি
328,নিচের কোনটি মানুষের অক্ষীয় কঙ্কালতন্ত্রের অংশ?,করোটি
329,নিচের কোন অঙ্গে স্থিতিস্থাপক তরুণাস্থি পাওয়া যায়?,বহিঃকর্ণ
330,মানুষের জিহ্বার সঞ্চালন নিয়ন্ত্রণ করে কোন করোটিক স্নায়ু?,হাইপোগ্লোসাল স্নায়ু
331,নিচের কোনটি মেনিনজেসের অংশ নয়?,হোয়াইট ম্যাটার
332,চোখের রেটিনার যে অংশ আলোকসংবেদী নয় তাকে বলে-,অন্ধবিন্দু
333,নিচের কোন জোড়াটি লোকাল হরমোনের উদাহরণ?,ইস্ট্রোজেন ও প্রজেস্টেরন
334,মানুষের যকৃতে অবস্থানকারী ম্যাক্রোফেজের নাম কী?,কাফফার কোষ
335,ভাইরাসের আক্রমণে শরীরের ভিতরে স্বতঃস্ফূর্তভাবে নিচের কোনটি তৈরি হয়?,ইন্টারফেরন
336,মানুষের সংখ্যা কোন রক্তগ্রুপে সবচেয়ে বেশি?,O
337,হাইড্রার দেহের ক্ষুদ্রতম নেমাটোসিস্ট কোনটি?,স্টেরিওলিন গ্লুটিন্যান্ট
338,প্রাপ্তবয়স্ক মানুষের নিচের চোয়ালে দন্তকুঠুরীর সংখ্যা কত?,16টি
339,মোলার দাঁতের কাজ কোনটি?,খাবার টুকরা করা ও পেষণ করা
340,আমিষ পরিপাককারী এনজাইম কোনটি?,ট্রিপসিন
341,মানুষের যকৃতে অবস্থানকারী ম্যাক্রোফেজের নাম কী?,কুপফার কোষ
342,নিচের কোন জোড়াটি লোকাল হরমোনের উদাহরণ?,সিক্রেটিন ও এন্টারোগ্যাস্ট্রিন
343,মানব পিত্তরস সম্বন্ধে নিচের কোন তথ্যটি সঠিক?,যকৃতে তৈরি হয়
344,নিচের কোন জোড়াটি লোকাল হরমোনের উদাহরণ?,সিক্রেটিন ও এন্টারোগ্যাস্ট্রিন
345,"মানব পিত্তরস সম্বন্ধে নিচের কোন তথ্যটি সঠিক, ইহা-",যকৃতে তৈরি হয়
346,স্বাভাবিক ওজনের মানুষের বডি মাস ইনডেক্স (BMI) কত?,18.5 - 24.9 kg/m²
347,অদানাদার বা অ্যাগ্রানুলোসাইট কোনটি?,মনোসাইট
348,মানুষের রক্ত জমাট বাঁধার মূল উপাদান নয় কোনটি?,লসিকা রস
349,পেসমেকারের অবস্থান হৃৎপিণ্ডের কোথায়?,ডান অলিন্দ
350,একজন সুস্থ পূর্ণবয়স্ক মানুষ বিশ্রামরত অবস্থায় মিনিটে কতবার শ্বসনক্রিয়া সম্পাদন করে?,14-18 বার
351,মানব রেচনতন্ত্রের অংশ নয় কোনটি?,অ্যাড্রেনাল গ্রন্থি
352,ইন্টারক্যালেটেড ডিস্ক কোন ধরনের পেশির বৈশিষ্ট্য?,হৃদপেশি
353,পাকস্থলিতে কোন করোটিক স্নায়ুর কার্যক্রম বিদ্যমান?,ভেগাস
354,সেরেব্রামের দুটি খণ্ডকে সংযোগকারী স্নায়ু গুচ্ছের নাম-,কর্পাস ক্যালোসাম
355,রক্তে Na⁺ ও K⁺ এর সমতা রক্ষা করে কোন হরমোন?,অ্যালডোস্টেরন
356,মানবদেহে সর্ববৃহৎ অঙ্গ কোনটি?,ত্বক
357,নিষ্ক্রিয় ভ্যাক্সিন কোনটি?,পোলিও ভ্যাক্সিন
358,AB ব্লাড গ্রুপের দাতা কোন গ্রুপকে রক্ত দিতে পারবে?,AB গ্রুপ
359,কত সেলসিয়াস তাপমাত্রার নিচে রুই মাছ বাঁচতে পারে না?,14°C
360,প্রোটিন পরিপাককারী এনজাইম নয় কোনটি?,অ্যামাইলেজ
361,Kupffer's Cell থাকে কোথায়?,যকৃত
362,একটি হৃৎপিণ্ডে প্রতি মিনিটে ৮০ বার হৃদকম্পন হলে হৃদচক্রের স্থায়িত্ব কত?,0.75 সেকেন্ড
363,কোনটি হৃদপিণ্ডকে বিভিন্ন প্রকোষ্ঠে বিভক্ত করে?,এন্ডোকার্ডিয়াম
364,করোনারি ধমনি সরু হয়ে যাওয়া নির্ণয়ে ব্যবহৃত হয় কোন পরীক্ষা?,এনজিওগ্রাম
365,বিশ্বব্যাপী রক্তশূন্যতার প্রধানতম কারণ কী?,লৌহ ঘাটতি জনিত
366,Adam's Apple কোথায় থাকে?,স্বরযন্ত্র
367,বৃক্কের কাজ নয় কোনটি?,তাপ নিয়ন্ত্রণ করা
368,স্বাভাবিক মূত্রের রং খড়ের রং হওয়ার কারণ কী?,ইউরোক্রোম
369,মানুষের কপাল কোন অস্থি দিয়ে তৈরি হয়?,ফ্রন্টাল
370,সিসাময়েড অস্থি কোনটি?,প্যাটেলা
371,সাদা লেগহর্ণ ও সাদা ওয়াইনডট এর মধ্যে ক্রস ঘটিয়ে ফলাফল পান-,"Bateson & Punnet, 1908"
372,কোনটি মানুষের পশ্চাৎ মস্তিষ্কের অংশ নয়?,থ্যালামাস
373,চোখের রেটিনার ভিতর সবচেয়ে আলোক সংবেদী অংশের নাম কী?,পীত বিন্দু
374,মানবদেহের সবচেয়ে ছোট অনাল গ্রন্থি কোনটি?,পিটুইটারি
375,নিচের কোন হরমোন রক্তে সোডিয়ামের মাত্রা নিয়ন্ত্রণ করে?,অ্যালডোস্টেরন
376,নিচের কোনটি সহজাত প্রতিরক্ষার উদাহরণ নয়?,সক্রিয় প্রতিরক্ষা
377,ব্যাঙের শীতনিদ্রা' কোন ধরনের ট্যাক্সিসের উদাহরণ?,ধনাত্মক থার্মোট্যাক্সিস
378,মুখবিবরে 'র ্যাডুলা' নামক অংশ থাকে কোন পর্বের প্রাণীতে?,Mollusca
379,হাইড্রার বহিঃত্বকে সমগ্র স্থান জুড়ে অবস্থান করে কোনটি?,পেশি আবরণী কোষ
380,ঘাসফড়িংয়ের পুঞ্জাক্ষির কোন অংশটি আলো গ্রহণ করে?,র ্যাবডোম
381,রুই মাছের আঁইশ কোন ধরনের?,সাইক্লয়েড
382,হেপারিন তৈরি ও নিঃসরণ করা কোন কোষের কাজ?,basophil
383,হৃৎপিণ্ডের কোন কপাটিকায় তিনটি কাম্প থাকে না?,বাম অ্যাট্রিওভেন্ট্রিকুলার কপাটিকা
384,কোন জাতীয় ব্যারোরিসেপ্টর রক্তের আয়তন নিয়ন্ত্রণে ভূমিকা রাখে?,নিম্নচাপ ব্যারোরিসেপ্টর
385,নিচের কোনটি মানবদেহের শ্বসনতন্ত্রের বায়ু পরিবহন অঞ্চল নয়?,অ্যালভিওলার নালি
386,সারফেকট্যান্ট কোথায় পাওয়া যায়?,অ্যালভিওলাসে
387,রক্তে CO₂ পরিবহনের মাধ্যম নয় কোনটি?,কার্বন মনো অক্সাইড
388,কোনটি মানুষের মুখমণ্ডলীয় অস্থি নয়?,এথময়েড অস্থি
389,করোটিক স্নায়ুর কাজ সম্পর্কিত নিচের কোন তথ্যটি সঠিক নয়?,হাইপোগ্লোসাল - স্বাদ গ্রহণ
390,চোখের স্কেরার রঙ কী?,সাদা
391,মানবদেহের ভারসাম্য নিচের কোনটি রক্ষা করে?,অন্তঃকর্ণ
392,মানবদেহে ক্যালসিয়াম ও ফসফরাসের বিপাক নিয়ন্ত্রণ করে কোন গ্রন্থি?,প্যারাথাইরয়েড
393,মানব দেহে নিষেক প্রক্রিয়া কোথায় সংঘটিত হয়?,ডিম্বনালি
394,প্রথম টেস্টটিউব বেবির নাম কী?,লুইস ব্রাউন
395,নিচের কোনটি মানুষের প্রাথমিক প্রতিরোধ ব্যবস্থা নয়?,ইন্টারফেরন
396,নিচের কোনটি সেক্স-লিংকড ডিসঅর্ডার নয়?,থ্যালাসেমিয়া
397,মারসুপিয়াল স্তন্যপায়ী প্রাণী কোন মহাদেশে পাওয়া যায়?,অস্ট্রেলিয়া
398,নিচের কোনটি দ্বিঅরীয় প্রতিসাম্য প্রাণীর উদাহরণ?,টিনোফোরা
399,হাইড্রার খাদ্য নয় কোনটি?,ছোট ঘাস
400,ঘাসফড়িংয়ের রক্ত সংবহনতন্ত্রের অংশ নয় কোনটি?,সম্মুখ বাহিকা
401,স্ত্রী রুইমাছ ডিম পাড়ে কখন?,জুন-আগস্ট মাস
402,নিচের কোন হরমোনটি পাকস্থলীর হাইড্রোক্লোরিক অ্যাসিড নিঃসরণ নিয়ন্ত্রণ করে?,গ্যাস্ট্রিন
403,নিচের কোনটি তৈরির প্রক্রিয়াকে এরিথ্রোপোয়েসিস বলে?,লোহিত রক্তকণিকা
404,হৃদ-ফুসফুস যন্ত্র (Heart-Lung Machine) কোন কাজে ব্যবহৃত হয়?,হৃৎপিণ্ডের বাইপাস সার্জারিতে
405,হেনলির লুপের অবস্থান বৃক্কের কোথায়?,বৃক্কীয় নালিকায়
406,মানবদেহের করোটিকাতে কতগুলো অস্থি আছে?,12টি
407,পূর্ণ সংবেদী স্নায়ু নয় কোনটি?,ফেসিয়াল স্নায়ু
408,প্রাপ্তবয়স্ক মানুষের মস্তিষ্কে নিউরনের সংখ্যা কত?,১০ বিলিয়ন
409,নিচের কোনটি মিশ্র গ্রন্থি নয়?,এড্রেনাল গ্রন্থি
410,বুকের দুধে কোন ধরনের ইমিউনোগ্লোবিন (Ig) থাকে?,IgE
411,"কনে হিমোফিলিয়া বাহক, বর সুস্থ, এদের সন্তানদের ক্ষেত্রে কোনটি মিথ্যা?",পুত্রদের সবাই সুস্থ হবে
412,ফিলোসফিকা জুওলজিক' গ্রন্থের রচয়িতা কে?,ল্যামার্ক
413,জুরাসিক সময়কাল বলা হয় কত আগের সময়কে?,সাড়ে ১৬ কোটি বছর
414,দ্রুত চলাচলের জন্য Hydra কোন চলন পদ্ধতি ব্যবহার করে?,Somersaulting
415,কোনটি ঘাসফড়িং এর মস্তকের বহিঃকঙ্কালের অংশ নয়?,ওসেলি
416,রুই মাছের আঁইশের বৃদ্ধি কোন সময়ে বেশি হয়?,বসন্তকালে
417,মানুষের যকৃতের সবচেয়ে বড় খণ্ডাংশটি হলো-,ডানখণ্ড
418,কোনটি ক্ষুদ্রান্ত্রের অংশ নয়?,এপেনডিক্স
419,নিচের কোন BMI (Body Mass Index) অতিরিক্ত ওজন নির্দেশ করে?,25.0-29.9 Kg/m²
420,একজন ৬ বছরের বালিকার দাঁতের সংকেত (ICPM) কোনটি?,উত্তর: D I2C0P1M2 (D or B?)
421,কোনটি ক্ষুদ্রান্ত্রের অংশ নয়?,এপেনডিক্স
422,নিচের কোন BMI (Body Mass Index) অতিরিক্ত ওজন নির্দেশ করে?,25.0 – 29.9 Kg/m²
423,নিউক্লিয়াসবিহীন কোষ হলো-,লোহিত রক্তকণিকা
424,মানুষের স্বাভাবিক রক্ত ক্ষরণকাল-,১-৪ মিনিট
425,একই সাথে শরীরে রক্তে অক্সিজেনের ঘনত্ব ও হৃৎস্পন্দনের পরিমাপক যন্ত্রের নাম কি?,পাল্সঅক্সিমিটার
426,হৃদযন্ত্রের রোগ নির্ণয়ে প্রাথমিক পরীক্ষা কোনটি?,ইসিজি
427,কৃত্রিম পেসমেকার যন্ত্রে কোন ব্যাটারি ব্যবহার করা হয়?,Li ব্যাটারি
428,শ্বসন কেন্দ্র অবস্থিত কোথায়?,পনস
429,কোনটি প্যারানাসাল সাইনাস নয়?,অক্সিপিটাল সাইনাস
430,মানুষের কব্জিতে হাড়ের সংখ্যা কত?,৮টি
431,নিচের কোনটি মিনারেলোকোর্টিকয়েড হরমোনের কাজ নয়?,হৃৎক্রিয়া বৃদ্ধি করা
432,কোনটি মিশ্র গ্রন্থি?,অগ্ন্যাশয়
433,সিমেন তৈরির জন্য পিচ্ছিল পদার্থ ক্ষরণ করে কোন অঙ্গ?,সেমিনাল ভেসিকল
434,ব্যাকটেরিয়া ধ্বংসে অ্যান্টিবডিকে সহায়তা করে কোনটি?,কমপ্লিমেন্ট সিস্টেম
435,হোমোলোগাস ক্রোমোজোমের একটি লোকাসে দুটি জিন একত্রে থাকাকে কী বলে?,অ্যালিলোমর্ফ
436,জেলিফিশ কোন পর্বের প্রাণী?,নিডারিয়া
437,কোন প্রাণী অযৌন ও যৌন দুভাবেই প্রজনন সম্পন্ন করে?,হাইড্রা
438,ঘাসফড়িং এর অগ্রভাগের সরু ও শক্ত ডানাদ্বয়কে কী বলে?,টেগমিনা
439,কোন ভিটামিন পানিতে দ্রবণীয়?,ভিটামিন B কমপ্লেক্স
440,পেপসিনের ক্ষেত্রে কোনটি সত্য নয়?,ইহা অগ্ন্যাশয় থেকে নিঃসৃত হয়
441,কোনটি অদানাদার শ্বেত কণিকা?,মনোসাইট
442,স্বাভাবিক অবস্থায় মানবদেহের রক্তের pH এর মান-,7.40
443,নিচের কোনটি পালমোনারি সংবহনের অংশ নয়?,মহাধমনি
444,কোন চক্রের মাধ্যমে যকৃতে ইউরিয়া তৈরি হয়?,অরনিথিন চক্র
445,নিচের কোনটি বক্ষ অস্থিচক্রের হাড়?,ক্ল্যাভিকল
446,মানুষের নবম জোড়া করোটিক স্নায়ুর নাম কী?,গ্লাসোফ্যারিঞ্জিয়াল
447,মস্তিষ্কের কোন অংশে ক্ষুধা নিয়ন্ত্রণ কেন্দ্র অবস্থিত?,হাইপোথ্যালামাস
448,ডায়েনসেফালনের মধ্যস্থ গহবরটিকে কী বলে?,তৃতীয় ভেন্ট্রিকল
449,পিউপিলের অবস্থান কোথায়?,আইরিসের মধ্যবর্তী স্থানে
450,মেলানিন রঞ্জকে রঞ্জিত স্তর কোনটি?,কোরয়েড
451,অগ্ন্যাশয়ের আলফা কোষ থেকে নিঃসৃত হয়—,গ্লুকাগন
452,কোন গ্রন্থির ক্ষরণকাল আজীবন নয়?,থাইমাস
453,নিচের কোনটি ভ্রূণীয় এক্টোডার্ম স্তর থেকে তৈরি হয়?,কেন্দ্রীয় স্নায়ুতন্ত্র
454,মানুষের দেহকোষে কতটি অটোজোম থাকে?,৪৪টি
455,নিচের কোনটির দ্বারা গনোরিয়া রোগ হয়?,ব্যাকটেরিয়া
456,ভ্রান্ত সিলোমযুক্ত প্রাণীর পর্ব কোনটি?,Nematoda
457,হাইড্রার মুকুল কী কাজে ব্যবহৃত হয়?,অযৌন প্রজনন
458,রক্তস্রোতে থাকা অতিরিক্ত গ্লুকোজ থেকে যকৃতে সঞ্চিত পলিস্যাকারাইড হলো-,গ্লাইকোজেন
459,মাইক্রোভিলাইগুলো একত্রিতভাবে ক্ষুদ্রান্ত্রের উপরিভাগে কী সৃষ্টি করে?,ব্রাশ বর্ডার
460,স্থূলতার সহিত সম্পর্কযুক্ত রোগ কোনটি?,করোনারি হার্ট ডিজিজ
461,ফুসফুসের গঠন ও কার্যগত একক-,অ্যালভিওলাস
462,স্বাভাবিক মূত্রের বর্ণ হালকা হলুদ হয় কিসের উপস্থিতিতে?,ইউরোক্রোম
463,নিচের কোনটি ক্লাভিকলের বৈশিষ্ট্য?,এটি একটি বাঁকানো অস্থি
464,চলনের সময় হাঁটুকে ভাঁজ করে কোন মাংসপেশী?,বাইসেপস ফিমোরিস
465,মেরুদন্ডের এটলাস ও এক্সিসের মধ্যবর্তী অস্থিসন্ধি কোনটি?,কীলক
466,মোটর প্রকৃতির স্নায়ু কোনটি?,হাইপোগ্লোসাল
467,সন্তান প্রসবে কোন হরমোন সাহায্য করে?,অক্সিটোসিন
468,মায়ের দুধে কি ধরনের প্রতিরক্ষা থাকে?,প্রাকৃতিক অক্রিয়
469,অ্যান্টিবডি ক্ষরণ করে কোন কোষ?,প্লাজমা কোষ
470,সর্বপ্রথম ভ্যাক্সিন কত সালে আবিষ্কৃত হয়?,1796
471,কোনটি সেক্স লিংকড ডিসঅর্ডার নয়?,ডায়াবেটিক ম্যালিটাস
472,কোয়াগুলেশন ফ্যাক্টর কোনটির অভাবে হিমোফিলিয়া হয়?,VIII ফ্যাক্টর
473,সপ্তম করোটিক স্নায়ু কোনটি?,ফেসিয়াল
474,মানুষের রেসপিরেটরি সেন্টার কোনটিতে থাকে?,মেডুলা অবলাংগাটা
475,গলগন্ড রোগ হয় কোনটির অভাবে?,Iodin
476,ট্রপিক হরমোন কোনটি?,TSH
477,এপিডিডাইমিস এর দৈর্ঘ্য কত?,20ft
478,জাতীয় পাখির বৈজ্ঞানিক নাম কী?,Copsychus saularis
479,হাইড্রা কোন পর্বের প্রাণী?,নিডারিয়া
480,ঘাসফড়িং এর পুঞ্জাক্ষিতে কতটি ওমাটিডিয়াম রয়েছে?,1200-1800
481,নিষ্ক্রিয় ট্রিপসিনোজেন কে সক্রিয় ট্রিপসিনে পরিণত করে কে?,HCl
482,"চিকিৎসাবিদ্যার কোন শাখায় স্থূলতার কারণ, প্রতিরোধ ও চিকিৎসা সম্বন্ধে আলোচনা করা হয়?",Bariatrics
483,কোন প্রাণীর লোহিত কণিকায় নিউক্লিয়াস থাকে?,উট
484,বাম অলিন্দ ও বাম নিলয়ের ছিদ্রপথে কোন কপাটিকা থাকে?,বাইকাসপিড কপাটিকা
485,মানবদেহের স্বাভাবিক ডায়াস্টলিক চাপ কত?,60-90
486,শ্বসনতন্ত্রের উৎপত্তি কোথা থেকে হয়?,Endoderm
487,কোনটি Larynx এর Cartilage নয়?,Cocloyed
488,কোষের অন্তঃশ্বসন কোথায় হয়?,কোষের মধ্যে
489,করোটিকার অস্থি কয়টি?,8
490,শোষিত খাদ্যবস্তুর প্রোটোপ্লাজমে রূপান্তরকে বলে-,আত্তীকরণ
491,স্নেহজাতীয় পদার্থকে ফ্যাটি অ্যাসিড ও গ্লিসারলে পরিণত করে কোন এনজাইম?,লাইপেজ
492,রক্তের pH নির্ভর করে যার উপর-,বাফার
493,নিম্নের কোন অঙ্গে লোহিত কণিকা ধ্বংস হয়?,"A,B"
494,নিম্নের কোনটি শরীরের অণুপ্রবেশিত জীবাণু ধ্বংস করার প্রক্রিয়া?,ফ্যাগোসাইটোসিস
495,নিম্নের কোনটি রক্ত জমাট বাঁধার মূল উপাদান নয়?,অ্যালবুমিন
497,নিউক্লিয়াস বিশিষ্ট লোহিত কণিকা কোন প্রাণীতে থাকে?,ব্যাঙে
498,কণিকাবিহীন রক্তের জলীয় অংশকে বলে-,প্লাজমা
499,মানবদেহে রোগ প্রতিরোধক হিসাবে কাজ করে কোনটি?,শ্বেতকণিকা
500,নিম্নের কোন কোষটি হেপারিন নিঃসরণ করে?,বেসোফিল
501,নিম্নের উল্লেখিত কয়টি ফ্যাক্টর রক্ত জমাট বাধার প্রক্রিয়ায় অংশগ্রহণ করে?,13
502,লোহিত রক্তকণিকার উৎপত্তিস্থল নয়-,হৃদপিণ্ড
503,লাল অস্থিমজ্জায় তৈরি হয়-,সবকটি
504,হৃদপিন্ডের ডান অলিন্দ ও ডান নিলয়ের সংযোগ স্থলের কপাটিকার নাম-,ট্রাইকাসপিড কপাটিকা
505,মাইট্রাল কপাটিকা নিম্নে উল্লেখিত কোথায় অবস্থিত?,বাম অলিন্দ-নিলয় ছিদ্রমুখে
506,নিম্নের কোন শ্বেতকণিকার নিউক্লিয়াসটি দুই লোব বিশিষ্ট?,ইউসিনোফিল
507,নিলয়ের ডায়াস্টলের সময় নিম্নের কত সেকেন্ড?,0.5
508,নিম্নের কোনটি সঠিক নয়?,লসিকা দেহের কিছু কিছু স্থানে রক্তের পরিবর্তে হিসাবে কাজ করে
509,নিম্নের কোন তথ্যটি সঠিক নয়?,হৃদপিন্ডের বাম অলিন্দ থেকে পালমোনারী ধমনী উৎপন্ন হয়
510,সিস্টোলিক এবং ডায়াস্টলিক প্রেসারের পার্থক্যকে বলা হয়-,পালস্ প্রেসার
511,নিম্নের কোনটি হৃৎপিন্ডের সংবহন তন্ত্রের অংশ নহে?,মায়োকার্ডিয়াম
512,নিম্ন প্রদত্ত কোন ধমনিটির উৎপত্তি এ্যাওর্টার বাঁক থেকে হয় না?,ডান সাধারণ ক্যারোটিড
513,নিম্নের কোনটি হৃদপিণ্ডকে বিভিন্ন প্রকোষ্ঠে বিভক্ত করে?,পেরিকার্ডিয়াম
514,সিলিয়াক ধমনী নিম্নের কোন অঙ্গে রক্ত সরবরাহ করে না?,বৃক্ক
515,শিরার জন্য কোন তথ্যটি সঠিক নয়?,প্রাচীর স্থিতিস্থাপক
516,মানব শিরাতন্ত্রে নিম্নের কোনটি অনুপস্থিত?,পোর্টাল
517,ধমনীর ক্ষেত্রে নীচের কোনটির প্রযোজ্য?,রক্ত সাধারণত হৃৎপিন্ড থেকে দেহের বিভিন্ন অংশে পরিবাহিত হয়
518,নিম্নের কোন তথ্যটি লসিকাতন্ত্র সম্পর্কে সত্য নয়?,কলা থেকে কলারসের প্রায় ১০ শতাংশ লসিকা দ্বারা অপসৃত হয়
519,লসিকা সম্বন্ধে কোনটি সঠিক নয়?,লসিকাতে অণুচক্রিকা আছে
520,লসিকার আপেক্ষিক গুরুত্ব কত?,১.০১৫
521,শ্বসনতন্ত্র সম্পর্কে নিচের কোন তথ্যটি সঠিক নয়?,ফুসফুসের কৈশিক নালিতে অক্সিজেন রক্তের হিমোগ্লোবিনের সঙ্গে বিক্রিয়া করে স্থায়ী যৌগ অক্সিহিমোগ্লোবিন তৈরি করে।
522,স্বরতন্ত্রীর অবস্থান হচ্ছে-,ল্যারিংক্স
523,ব্রঙ্কিয়াল নালীগুলোর কোনটি সঠিক পর্যায়ক্রম?,মুখ্য ব্রংকাই- ব্রঙ্কিওল- গৌণ ব্রঙ্কাই- শ্বসন ব্রঙ্কিওল- প্রান্তীয় ব্রঙ্কিওল- অ্যালভিওলার নালী- অ্যালভিওলার থলি- অ্যালভিওলি
524,নিচের কোন উক্তিটি সত্য নয়?,মানব দেহের ডান ফুসফুস দুই খন্ডবিশিষ্ট এবং বাম ফুসফুস তিন খন্ডবিশিষ্ট
525,ফুসফুসের ক্ষেত্রে নিম্নের কোনটি সঠিক?,ডান ফুসফুসটি তিন খন্ডে বিভক্ত এবং বাম ফুসফুসটি দুই খন্ডে বিভক্ত
526,সিলিয়াযুক্ত এপিথেলিয়াম কোথায় পাওয়া যায়?,শ্বাসনালীতে
527,নিম্নের কোন তথ্যটি সঠিক নয়?,ফুসফুসের কৈশিক নালীতে অক্সিজেন রক্তের হিমোগ্লোবিনের সঙ্গে বিক্রিয়া করে স্থায়ী যৌগ অক্সিহিমোগ্লোবিন তৈরি করে
528,ব্রঙ্কিওল শেষ হয়-,অ্যালভিওলাইতে
529,কোনটি মানব দেহের শ্বসনের জন্য সঠিক নয়?,ফুসফুসের কৈশিক জালিকায় দেহ থেকে আগত রক্তে অক্সিজেনের চাপ থাকে 107 mm Hg
530,পূর্ণ বয়স্ক সুস্থ মানুষের বিশ্রামকালে প্রতিমিনিটে শ্বসনের হার?,১৬-২০ বার
531,আজকাল অধিক হারে শ্বাস-কষ্ট রোগের জন্য কোনটি দায়ী?,CO
532,ফুসফুসের ক্যান্সারের জন্য দায়ী-,SiO₂
533,নিম্নের কোনটি বৃক্কের কাজ নয়?,শ্বেত রক্তকণিকা তৈরিতে ভূমিকা রাখা
534,মানুষের রেচনতন্ত্রের সাহায্যে দেহের প্রায় কত শতাংশ রেচিত হয়?,৮০
535,কোনটি মানবদেহের রেচন/রেচনতন্ত্র এর জন্য সঠিক নয়?,সাধারণত মূত্রের pH কিছুটা আম্লিক
536,বৃক্কের কাজ নয় কোনটি?,রক্তে অম্লের পরিমান বৃদ্ধি করা
537,নিম্নের কোনটি বৃক্ক সম্পর্কে সঠিক নয়?,অসমোরেগুলেশনের প্রধান অঙ্গ হচ্ছে বৃক্ক
538,রেচনতন্ত্রের নিচের কোনটি ইউরেটার নামক নালি গঠন করে?,সংগ্রাহক নালিকা
539,লুপ অফ হেন্সি শরীরের নিম্নলিখিত কোন অঙ্গের অংশ?,বৃক্ক
540,নিম্নের কোন তথ্যটি নেফ্রনের জন্য প্রযোজ্য হবে?,ক্রনীয় মেসোডার্ম থেকে সৃষ্ট
541,প্রতিটি বৃক্কে নেফ্রন থাকে-,প্রায় ১০ থেকে ১২ লক্ষ
542,কোন অংশটি রেনাল টিউব্যুল এর অংশ নয়?,অ্যাফারন্ট আর্টারিওল
543,নেফ্রন কোনটির একক-,বৃক্ক
544,গ্লোমেরুলাসের কাজ হল-,পরিস্রাবণ
545,বৃক্কে বিদ্যমান-,নেফ্রন
546,প্রক্সিমাল প্যাঁচানো নালিকায় নিম্নের কোনটির সক্রিয় ক্ষরণ হয়?,ক্রিয়েটিনিন
547,মূত্রের উপাদান নয় কোনটি?,বিলিরুবিন
548,মানুষের গ্লোমেরুলাসে পরিদ্রুত মূত্র ADH এর প্রভাব ছাড়া নিম্নের (%) কতভাগ পুনঃশোষণ প্রক্রিয়ায় নেফ্রনের প্রক্সিমাল প্যাঁচানো নালিকায় শোষিত হয়?,60
549,কোন ধাপটি মূত্র সৃষ্টির জন্য প্রয়োজন নয়?,নির্বাচনমূলক পুণঃশোষণ
550,কোন রঞ্জক পদার্থের জন্য মূত্র তার স্বাভাবিক খড় রং প্রাপ্ত হয়?,ইউরোক্রোম
551,মূত্র তৈরি হয় কোথায়?,বৃক্ক
552,স্ফেনয়েড অস্থি কঙ্কালের কোন অংশে থাকে?,করোটিকা
553,কোনটি মানবদেহের টার্সাল অস্থির অন্তর্ভূক্ত নয়?,ট্রাপেজিয়াম
554,নিম্নলিখিত কয়টি অস্থি নিয়ে মানব করোটি গঠিত?,29
555,মানুষের গ্রীবাদেশীয় কশেরুকার নিম্নের কোনটির নাম অ্যাক্সিস?,দ্বিতীয়
556,নিম্নের কোনটি মানুষের মুখমন্ডলীর অস্থি?,ভোমার
557,করোটিকার অস্থি নয় কোনটি?,হাইঅয়েড অস্থি
558,গ্লেনয়েড গহ্বর কোথায় থাকে?,অগ্রপদে
559,হিউমেরাস কোন অস্থিটিকে বলা হয়?,বাহুর অস্থি
560,ফিমার কোন অস্থিটিকে বলা হয়?,উরুর অস্থি
561,উপরের চোয়াল যে ধরনের অস্থি?,বায়ুপূর্ণ অস্থি
562,কোনটি মানবদেহের করোটির অস্থি?,টেমপোরাল
563,মুখমণ্ডলীয় অস্থির সংখ্যা নিচের কোনটি?,14
564,নিম্নের কোনটিতে তরুণাস্থি নাই?,মুত্রথলি
565,গোড়ালার পেশা নিম্নের কোনটি?,গ্যাস্ট্রকনেমিয়াস
566,নিম্নের কোন তথ্যটি সঠিক?,টেন্ডন পেশীকে অস্থির সঙ্গে সংযুক্ত রাখে
567,নিম্নে উল্লেখিত কোন অঙ্গে স্থিতিস্থাপক তরুণাস্থি থাকে?,বহিঃকর্ণ
568,সিমফাইসিস নিম্নের কোন অস্থি সন্ধি?,তরুণাস্থিময়
569,ম্যাট্রিক্সের গঠনের উপর ভিত্তি করে যেটি তরুণাস্থির প্রকারভেদে পড়বে না-,স্পঞ্জি
570,মানবদেহের সাইনোভিয়াল অস্থিসন্ধি নয় কোনটি?,সিমফাইসিস
571,চলনের সময় পায়ের কোন পেশি সংকোচন এর ফলে গোড়ালির অস্থিটিতে চাপ পড়ে ফলে গোড়ালি মাটি থেকে উত্থিত হয়?,সোলিয়াস
572,নিম্নের কোন অস্থিতে মজ্জা গহ্বর নাই?,ক্ল্যাভিকল
573,দাঁত ও চোয়াল কোটরের মধ্যস্থিত সন্ধি নিম্নের কোনটি?,গমফোসিস
574,ঐচ্ছিক পেশী পাওয়া যায়-,কঙ্কালতন্ত্রের গায়ে
575,নিম্নের কোনটিতে ঐচ্ছিক পেশী থাকে না?,জরায়ু
576,নিম্নের কোন তথ্যটি সঠিক নয়?,হৃদপেশী ঐচ্ছিক পেশী
577,নিম্নের কোনটি হৃদপেশীর বৈশিষ্ট্য নয়?,নিউক্লিয়াস একাধিক এবং একপাশে থাকে
578,নিম্নের কোন তথ্যটি সঠিক?,হৃদপেশি এক ধরনের অনৈচ্ছিক পেশি
579,হিউমেরাসের বাইসিপেটাল গ্রুভে যে পেশিটির প্রান্তীয় অবস্থান রয়েছে-,বাইসেপস
580,যেটি স্নায়ুতন্ত্রের সঙ্গে সম্পর্কিত নয়-,মেলানিন
581,কোন এনজাইম স্নায়ু উদ্দীপনা পরিবহনে গুরুত্বপূর্ণ ভূমিকা পালন করে?,অ্যাসিটাইলকোলিন এস্টারেজ
582,নিম্নের কোনটি দেহের ভারসাম্য রক্ষায় ভূমিকা রাখে না?,হাইপোথ্যালামাস
583,নিম্নের কোন করোটিক স্নায়ু চোয়ালের সঞ্চালনে সাহায্য করে?,ট্রাইজেমিনাল
584,নিম্নের কোন স্নায়ু ঘ্রাণের সঙ্গে জড়িত?,অলফ্যাক্টরি
585,নিম্নের কোনটি সঠিক নয়?,ভেস্টিবুলার স্নায়ু মানুষকে শ্রবণে সাহায্য করে
586,নিম্নের কোনটি সঠিক নয়?,অডিটরি স্নায়ু চেষ্টীয় ভারসাম্য নিয়ন্ত্রনের
587,কোন তথ্যটি ফেসিয়াল স্নায়ুর জন্য সঠিক নয়?,উৎস: মেডুলা অবলঙ্গাটা
588,ফেসিয়াল স্নায়ুর কাজ কোনটি?,সবগুলো
589,নিম্নের কোন তথ্যটি হাইপোগ্লোসাল স্নায়ুর জন্য সঠিক নয়?,প্রকৃতি: সংবেদী
590,নিম্নের কোনটি দশম করোটিক স্নায়ু?,ভেগাস
591,মল-মূত্র ত্যাগ নিয়ন্ত্রণ করে মস্তিষ্কের নিম্নের কোন অংশ?,মেডুলা অবলঙ্গাটা
592,মস্তিষ্ক সম্পর্কে নিম্নের কোন তথ্যটি সঠিক?,পরিপাক নিয়ন্ত্রণ কেন্দ্র মেডুলা অবলংগাটায় থাকে
593,নিম্নের কোনটি সেরেব্রোস্পাইনাল ফ্লুইডের কাজ নয়?,শ্বসনিক গ্যাসের বিনিময় ঘটানো
594,নিম্নের কোনটি অগ্রমস্তিস্কের অংশ নয়?,সেরেবেলাম
595,"আবেগ, উদ্বেগ প্রভৃতির প্রধান কেন্দ্র হিসেবে কাজ করে-",হাইপোথ্যালামাস
596,হাইপোথ্যালামাসের কাজ কোনটি?,দেহে তাপ নিয়ন্ত্রণ করে
597,নিম্নের কোনটি সেরেবেলামের কাজ নয়?,স্বাভাবিক শ্বাসক্রিয়ার হারকে নিয়ন্ত্রণ করে
598,নিম্নের কোনটি চোখের কোরয়েড-এর অংশ নয়?,রেটিনা
599,নিম্নে উল্লেখিত চোখের কোন অংশে বস্তুর প্রতিবিম্ব সৃষ্ট হয়?,রেটিনা
600,কোন উক্তিটি সত্য নয়?,রেটিনার 'রড' কোষগুলি উজ্জ্বল আলোকে সংবেদী
601,কোনটি অক্ষিপেশী নয়?,সুপিরিয়ার সেক্টাস
602,নিম্নের কোনটি দৃষ্টির ত্রুটি নয়?,অ্যামিনিয়া
603,হার্ডেরিয়ান গ্রন্থির অবস্থান যেখানে-,চক্ষু
604,যেটি সত্য নয়-,রেটিনার কোণ কোষগুলিতে ভিটামিন 'এ' এবং রডোপসিন নামক লালচে বেগুনী বর্ণের আমিষ জাতীয় রঞ্জক পদার্থ বিদ্যমান
605,মানুষের চোখের ভিতরে আলোর পরিমাণ নিয়ন্ত্রণ করে-,চক্ষুমণিকা বা তারারন্ধ্র
606,কোনটি সত্য?,কর্নিয়া প্রতিসরণশীল বলে আলোক রশ্মি প্রবেশে অনুমতি দেয়
607,রডোপসিন চোখের কোন অংশে পাওয়া যায়?,রেটিনা
608,চোখের কনজাংক্টিভা সিক্ত রাখে-,ল্যাক্রিমাল গ্রন্থি
609,নিম্নের কোনটি চোখের কোরয়েডের অংশ?,আইরিশ
610,নিম্নের কোনটি শরীরের ভারসাম্য রক্ষা করে?,ভেস্টিবুলার যন্ত্র
611,কোনটি মানুষের কানের ক্যুপুলার কাজ?,ভারসাম্য রক্ষা করা
612,কর্ণাস্থি স্টেপিস অন্তঃকর্ণ ও মধ্যকর্ণের মধ্যবর্তী প্রাচীরে যে পর্দার সঙ্গে যুক্ত থাকে সেটি হল-,ফেনেস্ট্রা ওভালিস
613,কোন অঙ্গটির অবস্থান সম্পর্কবোধ সৃষ্টি করে?,অর্ধবৃত্তাকার নালি
614,কর্ণপটহের ভিতরে ও বাইরে বায়ুর চাপের সমতা রক্ষা করে-,ইউস্টেশিয়ান নালি
615,অর্গান অব কর্টি কোথায় থাকে?,ককলিয়াতে
616,শ্রবণ ছাড়াও কর্ণের অন্যতম কাজ-,দেহের ভারসাম্য রক্ষা করা
617,কোন অস্থিটি মধ্যকর্ণে নেই?,অ্যাটলাস
618,নিম্নের কোনটি বহিঃকর্ণে থাকে?,পিনা
619,পিটুইটারী গ্রন্থি সম্পর্কে কোন তথ্যটি সঠিক নয়?,এটি থেকে স্টেরয়েড হরমোন নিঃসৃত হয়
620,নিম্নের কোন হরমোন আয়নের সমতা রক্ষার কাজ করে?,অ্যালডোস্টেরন
621,নিম্নের কোনটি হৃদপিন্ডের সংকোচনের শক্তিকে বাড়ায়?,এডরেনালিন
622,পোস্টেরিয়র পিটুইটারী থেকে নিম্নের কোন হরমোন নিঃসরণ হয়?,অক্সিটোসিন
623,নিম্নের কোন হরমোন থাইরয়েড গ্রন্থি থেকে নিঃসৃত হয় না?,থাইমোক্রাইসিন
624,নিম্নে উল্লেখিত কোনটি থেকে টেস্টোস্টেরণ হরমোন নিঃসৃত হয়?,ইন্টারস্টিশিয়াল কোষ
625,ইনসুলিন নিঃসৃত হয় কোনটি থেকে?,অগ্ন্যাশয় গ্রন্থির আইলেটস অব ল্যাঙ্গারহ্যান্স
626,হরমোনের বৈশিষ্ট্য নয় কোনটি?,হরমোন প্রধানত এক প্রকার শর্করা জাতীয় পদার্থ
627,যে গ্রন্থিটি ক্যালসিয়াম বিপাকে সাহায্য করে-,প্যারাথাইরয়েড
628,পিটুইটারী গ্রন্থির পশ্চাৎবর্তী অংশ হতে কোন হরমোনটি নিঃসৃত হয়?,ভ্যাসোপ্রেসিন
629,নালিবিহীন গ্রন্থি কোনটি?,প্যারাথাইরয়েড
630,প্যারাথাইরয়েড গ্রন্থি থেকে নিঃসৃত হরমোন-,সবগুলো
631,কোনটি অন্তঃক্ষরা গ্রন্থি নয়?,যকৃত
632,মানবদেহের সর্ববৃহৎ গ্রন্থি কোনটি?,যকৃত
633,নিম্নের কোনটি পুরুষ প্রজননতন্ত্রের অন্তর্ভূক্ত নয়?,বার্থোলিন গ্রন্থি
634,মানুষের শুক্রানু প্রতি সেকেন্ডে কত মিলিমিটার পথ অতিক্রম করতে পারে?,১-৪
635,নিম্নের কোন তথ্যটি সঠিক নয়?,শুক্রাশয়ের সারটলি কোষ টেস্টোস্টেরন নামক গুরুত্বপূর্ণ যৌন হরমোন নিঃসরণ করে
636,স্ক্রোটামের অভ্যন্তরীণ তাপমাত্রা দেহ গহ্বর থেকে কত কম বা বেশী?,৩ সেন্টিগ্রেড কম
637,কোনটি উওজেনেসিসে ঘটে না?,"উৎপন্ন ডিম্বাণু ছোট, সক্রিয় ও চলাচলে সক্ষম"
638,নিম্নের কোনটি সঠিক?,আমিষ জাতীয় খাদ্য বিপাকের ফলে নাইট্রোজেনযুক্ত বর্জ্য পদার্থ সৃষ্টি হয়
639,নিম্নের কোন তথ্যটি সঠিক নয়?,করপাস লুটিয়াম থেকে লুটিনাইজিং হরমোন নিঃসৃত হয়
640,সাধারণত রজঃচক্র কতদিন স্থায়ী হয়?,৪-৫
641,যেটি গর্ভাবস্থায় অমরার কাজ নয়-,লুটিনাইজিং হরমোন নিঃসৃতকরণ
642,স্ত্রীলিঙ্গের কোন অংশে ভ্রূণ বর্ধিত হয়?,গর্ভাশয়
643,ডিম্বাণুতে কতটি ক্রোমোসোম থাকে?,তেইশটি
644,মানুষের জরায়ু গর্ভাবস্থায় কত গুণ বৃদ্ধি পায়?,২০
645,ফিলোপিয়ান টিউব কোথায় থাকে?,স্ত্রী প্রজননতন্ত্রে
646,জরায়ুর প্রাচীর কয়টি স্তরে বিভক্ত?,৩টি
647,ডিম্বাশয় কোন পেরিটোনিয়াম পর্দা দ্বারা আবৃত?,মেসোভেরিয়াম
648,নিচের কোনটি স্ত্রী প্রজননতন্ত্রের অংশ নয়?,কাওপার-এর গ্রন্থি
649,ফেলোপিয়ান নালির যে অংশ জরায়ু প্রাচীরের কাছে থাকে-,ইসথমাস
650,যোনি প্রাচীরের ভাঁজকে বলা হয়-,রুগী
651,নারীর বয়ঃপ্রাপ্তিতে কোন হরমোনের ভূমিকা নেই?,ভ্যাসোপ্রেসিন
652,নিম্নলিখিত কোনটি মেসোডার্ম থেকে গঠিত হয় না?,স্নায়ুতন্ত্র
653,নিম্নের কোনটি ভ্রূণের এক্টোডার্ম থেকে তৈরি?,স্নায়ুতন্ত্র
654,কোনটি অ্যালানটয়েসের কাজ নয়?,অঙ্গ প্রত্যঙ্গের সুষ্ঠু বিকাশে সাহায্য করে
655,উওজেনেসিসে মোট পোলারবডি তৈরী হয়-,৩
656,নিচের কোনটি গ্যামিটোজেনেসিসের জন্য সঠিক নয়?,ব্যাঙের সাইটোপ্লাজমসহ ডিম্বাণু নিউক্লিয়াসটি কুসুম থেকে পৃথক হয়ে ডিম্বাণুর নিম্নপ্রান্ত জুড়ে থাকে
657,কোনটি উওজেনেসিসের জন্য প্রযোজ্য নয়?,পূর্ণতা প্রাপ্তির শেষ পর্যায় ডিম্বাশয়ের ভিতরে সম্পন্ন হয়
658,ট্রফোব্লাস্ট থেকে ভিলাই বেরোতে থাকে-,দ্বিতীয় সপ্তাহের শেষ দিকে
659,স্নায়ুতন্ত্র গঠিত হয়-,এক্টোডার্ম থেকে
660,কোনটি উওজেনেসিসের ক্ষেত্রে প্রযোজ্য নয়?,একটি উওগোনিয়াম থেকে চারটি কার্যক্ষম ডিম্বাণু সৃষ্টি হয়
661,যকৃত ও অগ্ন্যাশয় সৃষ্টি হয় কোনটি থেকে?,এন্ডোডার্ম
662,কোনটি মেসোডার্ম থেকে তৈরি হয়?,কঙ্কালতন্ত্র
663,ব্লাস্টোসিস্ট মানুষের জরায়ুর কোন স্তরে গ্রথিত হয়?,এন্ডোমেট্রিয়াম
664,মানুষের ডিম্বাণু কোন ধরনের?,মাইক্রোলেসিথাল
665,আবরণী কলার কোষগুলো ভ্রূণের কোন স্তর হতে উৎপন্ন হয়?,এক্টোডার্ম
666,ইন্টারফেরনের কাজ নয় কোনটি?,হরমোন উৎপাদনে সাহায্য করা
667,নিচের কোন গ্রন্থি মোমের মতো আঠালো পদার্থ তৈরি করে?,সেরুমিনাস
668,নিচের কোনটি এককোষী গ্রন্থি?,গবলেট
669,সিবাম নিচের কোন গ্রন্থি থেকে নিঃসৃত হয়?,সিবেসিয়াস
670,মৃত Salmonella typhi জীবাণু থেকে নিম্নের কোনটি তৈরি করা হয়?,টাইফয়েড ভ্যাকসিন
671,বংশগতি বিদ্যার জনক গ্রেগর জোহান মেন্ডেল কোন দেশে জন্ম গ্রহণ করেন?,অস্ট্রিয়া
672,প্রথম সংকর পুরুষের সাথে প্রচ্ছন্ন বা প্রকট বংশধরের ক্রস হলো-,ব্যাক ক্রস
673,যে জিন বৈশিষ্ট্য প্রকাশে বাধা পায় তাকে বলে-,Hypostatic
674,বংশগতির ধারক নিম্নের কোনটি?,ক্রোমোসোম
675,জীবের প্রকাশিত লক্ষণকে বলা হয়-,ফিনোটাইপ
676,জিনতত্ত্বের জন্য কোনটি সঠিক নয়?,DNA হলো জীবের বংশগতির মৌলিক একক এবং এটিকে ফ্যাক্টর বা জিন বলা হয়।
677,যে জীনটি অপর জীনের বৈশিষ্ট্য প্রকাশে বাধা দান করে সে জীনকে বলে-,এপিস্ট্যাটিক জীন
678,লিথাল জিন-এর প্রভাব নেই কোন রোগে?,অস্টিওপরোসিস
679,লিথাল জীন বর্ণনা করেন সর্বপ্রথম কোন বিজ্ঞানী?,ক্যুনো
680,নিচের কোনটি দ্বৈত-প্রচ্ছন্ন এপিস্ট্যাসিস অনুপাত?,9:7
681,বংশগতির পরীক্ষার জন্য মেন্ডেল কোন গাছ নির্বাচন করেছিলেন?,মটরশুটি
682,মেন্ডেলের সূত্রের প্রকৃত ব্যতিক্রম কোনটি?,লিংকেজ
683,মেন্ডেলের দ্বিতীয় সূত্রে জিনের স্বাধীন সঞ্চারণ না ঘটলে জিনোটাইপের অনুপাত হবে-,কোনোটিই নয়
684,প্রকট এপিস্ট্যাসিস এ ব্যতিক্রমধর্মী অনুপাত হল-,১৩:৩
685,নিচের কোনটি সেক্স-লিংকড অসুখ নয়?,রক্ত স্বল্পতা
686,"একজন বাদামি চোখবিশিষ্ট পুরুষ যার বাবার চোখ বাদামি কিন্তু মায়ের চোখ নীল বর্ণের, যদি নীল চোখবিশিষ্ট মহিলাকে বিয়ে করেন তবে তাঁদের সন্তানের চোখের বৈশিষ্ট্য কী হারে পাওয়া যাবে?",৫০% বাদামি ও ৫০% নীল
687,যকৃত ও অগ্ন্যাশয় সৃষ্টি হয় কোনটি থেকে?,এন্ডোডার্ম
688,পুরুষের ক্ষেত্রে কোনটি সঠিক?,৪৪ টি অটোসোম আছে
689,মানব কোষে সেক্স ক্রোমোসোমের সংখ্যা কত?,১ জোড়া
690,বর্ণান্ধ পুরুষ ও স্বাভাবিক মহিলার মধ্যে বিয়ে হলে তাদের সন্তান হতে পারে-,কন্যা বর্ণান্ধ বাহক
691,নিচের কোনটি সেক্স-লিংকড বৈশিষ্ট্যের উদাহরণ নয়?,বহুমূত্র
692,Rh negative রক্তের গ্রুপ নিচের কোন জনগোষ্ঠীর মধ্যে সবচেয়ে বেশি পাওয়া যায়?,পাইরেনিজের বাস্ক
693,নিম্নের কোনটি ব্লাড গ্রুপের নির্দিষ্ট এন্টিজেন না?,O
694,নিচে উল্লিখিত কোন বিজ্ঞানী মানুষের রক্তের শ্রেণিবিন্যাস করেন?,কার্ল ল্যান্ডস্টেইনার
695,উইসাং নালি কোথায় অবস্থিত?,অগ্ন্যাশয়
696,নিম্নের কোনটি সঠিক নয়?,হাইড্রোক্লোরিক এসিডের উপস্থিতি পেপসিনের কার্যক্রমকে বাধাগ্রস্ত করে
697,নিম্নের বামদিকের কোনটি ডানদিকের কোনটির সঙ্গে সামঞ্জস্যপূর্ণ?,সিক্রেটিন-অগ্ন্যাশয় রস নিঃসরণ নিয়ন্ত্রণ করে
698,যকৃতের কাজ নয় কোনটি?,অ্যামাইলেজ ও লাইপেজ নিঃসরণ করা
699,অগ্ন্যাশয় কেবল-,সবকটি
700,কোন অংশটি বৃহদান্ত্রের?,সিকাম
701,যকৃতনালি পিত্তনালির সাথে মিলিত হয়ে অভিন্ন পিত্তনালি তৈরি করে। এই অভিন্ন নালি ভ্যাটার এর অ্যাম্পুলা নামে নালির মাধ্যমে কোথায় উন্মুক্ত হয়?,ডিওডেনামে
702,সিক্রেটিন ও প্যানক্রিওজাইমিন কোনটির নিঃসরণ ঘটায়?,অগ্ন্যাশয় রস
703,গ্যাস্ট্রিক রস কিসের প্রভাবে নিঃসৃত হয়?,গ্যাস্ট্রিক হরমোন
704,কোন রসে উৎসেচক থাকে না?,পিত্তরস
705,নিম্নের কোনটি অগ্ন্যাশয় থেকে নিঃসৃত হয় না?,বাইল সল্ট
706,কোনটি অগ্ন্যাশয় রসে থাকে না?,পেপসিন
707,মানবদেহে পিত্ত উৎপন্ন হয়-,যকৃত
708,নিম্নের কোনটি সঠিক নয়?,পাকস্থলীর যে অংশে অন্ননালী উন্মুক্ত হয় তা পাইলোরাস
709,অগ্ন্যাশয়ের আইলেটস অব ল্যাঙ্গারহ্যান্স নিম্নের কোন হরমোন নিঃসৃত করে?,গ্লুকাগন
710,নিচের কোন বিক্রিয়াটি সঠিক?,প্রোটিন ট্রিপসিন অ্যামাইনো এসিড
711,পাকস্থলীর পাচক রসে নিম্নের কোনটি অনুপস্থিত?,অ্যামাইলেজ
712,মানবদেহের পরিপাকের জন্য কোনটি সঠিক এনজাইমের উদাহরণ নয়?,লিপিড পরিপাকে সাহায্যকারী তান্ত্রিক রসের এনজাইম ফসফোলাইপেজ ও কোলেস্টেরল এস্টারেজ
713,কোনটি পাকস্থলীর গ্রন্থি থেকে নিঃসৃত হয় না?,টায়ালিন
714,আমিষ জাতীয় খাদ্য পরিপাকের উৎসেচক কোনটি?,পেপটাইডেজ
715,প্রোটিন পরিপাক-,পাকস্থলীতে শুরু হয়ে ক্ষুদ্রান্ত্রে শেষ হয়
716,আমিষ জাতীয় খাদ্য পরিপাকে সাহায্য করে-,পেপসিন
717,কোন উৎসেচকটি দুগ্ধ প্রোটিন পরিপাকে সাহায্য করে?,রেনিন
718,পাকস্থলীতে HCI তৈরি করে কোন কোষ?,প্যারাইটাল কোষ
719,মানবদেহের সর্ববৃহৎ গ্রন্থি কোনটি?,যকৃত
720,কোনটি ক্ষুদ্রান্ত্রের অংশ নয়?,এপেনডিক্স
721,নিচের কোন BMI (Body Mass Index) অতিরিক্ত ওজন নির্দেশ করে?,25.0 – 29.9 Kg/m²
722,নিউক্লিয়াসবিহীন কোষ হলো-,লোহিত রক্তকণিকা
723,মানুষের স্বাভাবিক রক্ত ক্ষরণকাল-,১-৪ মিনিট
724,একই সাথে শরীরে রক্তে অক্সিজেনের ঘনত্ব ও হৃৎস্পন্দনের পরিমাপক যন্ত্রের নাম কি?,পাল্সঅক্সিমিটার
725,হৃদযন্ত্রের রোগ নির্ণয়ে প্রাথমিক পরীক্ষা কোনটি?,ইসিজি
726,কৃত্রিম পেসমেকার যন্ত্রে কোন ব্যাটারি ব্যবহার করা হয়?,Li ব্যাটারি
727,শ্বসন কেন্দ্র অবস্থিত কোথায়?,পনস
728,কোনটি প্যারানাসাল সাইনাস নয়?,অক্সিপিটাল সাইনাস
729,মানুষের কব্জিতে হাড়ের সংখ্যা কত?,৮টি
730,নিচের কোনটি মিনারেলোকোর্টিকয়েড হরমোনের কাজ নয়?,হৃৎক্রিয়া বৃদ্ধি করা
731,কোনটি মিশ্র গ্রন্থি?,অগ্ন্যাশয়
732,সিমেন তৈরির জন্য পিচ্ছিল পদার্থ ক্ষরণ করে কোন অঙ্গ?,সেমিনাল ভেসিকল
733,ব্যাকটেরিয়া ধ্বংসে অ্যান্টিবডিকে সহায়তা করে কোনটি?,কমপ্লিমেন্ট সিস্টেম
734,হোমোলোগাস ক্রোমোজোমের একটি লোকাসে দুটি জিন একত্রে থাকাকে কী বলে?,অ্যালিলোমর্ফ
735,জেলিফিশ কোন পর্বের প্রাণী?,নিডারিয়া
736,কোন প্রাণী অযৌন ও যৌন দুভাবেই প্রজনন সম্পন্ন করে?,হাইড্রা
737,ঘাসফড়িং এর অগ্রভাগের সরু ও শক্ত ডানাদ্বয়কে কী বলে?,টেগমিনা
738,কোন ভিটামিন পানিতে দ্রবণীয়?,ভিটামিন B কমপ্লেক্স
739,পেপসিনের ক্ষেত্রে কোনটি সত্য নয়?,ইহা অগ্ন্যাশয় থেকে নিঃসৃত হয়
740,কোনটি অদানাদার শ্বেত কণিকা?,মনোসাইট
741,স্বাভাবিক অবস্থায় মানবদেহের রক্তের pH এর মান-,7.40
742,নিচের কোনটি পালমোনারি সংবহনের অংশ নয়?,মহাধমনি
743,কোন চক্রের মাধ্যমে যকৃতে ইউরিয়া তৈরি হয়?,অরনিথিন চক্র
744,নিচের কোনটি বক্ষ অস্থিচক্রের হাড়?,ক্ল্যাভিকল
745,মানুষের নবম জোড়া করোটিক স্নায়ুর নাম কী?,গ্লাসোফ্যারিঞ্জিয়াল
746,মস্তিষ্কের কোন অংশে ক্ষুধা নিয়ন্ত্রণ কেন্দ্র অবস্থিত?,হাইপোথ্যালামাস
747,ডায়েনসেফালনের মধ্যস্থ গহবরটিকে কী বলে?,তৃতীয় ভেন্ট্রিকল
748,পিউপিলের অবস্থান কোথায়?,আইরিসের মধ্যবর্তী স্থানে
749,মেলানিন রঞ্জকে রঞ্জিত স্তর কোনটি?,কোরয়েড
750,অগ্ন্যাশয়ের আলফা কোষ থেকে নিঃসৃত হয়—,গ্লুকাগন
751,কোন গ্রন্থির ক্ষরণকাল আজীবন নয়?,থাইমাস
752,নিচের কোনটি ভ্রূণীয় এক্টোডার্ম স্তর থেকে তৈরি হয়?,কেন্দ্রীয় স্নায়ুতন্ত্র
753,মানুষের দেহকোষে কতটি অটোজোম থাকে?,৪৪টি
754,নিচের কোনটির দ্বারা গনোরিয়া রোগ হয়?,ব্যাকটেরিয়া
755,ভ্রান্ত সিলোমযুক্ত প্রাণীর পর্ব কোনটি?,Nematoda
756,হাইড্রার মুকুল কী কাজে ব্যবহৃত হয়?,অযৌন প্রজনন
757,রক্তস্রোতে থাকা অতিরিক্ত গ্লুকোজ থেকে যকৃতে সঞ্চিত পলিস্যাকারাইড হলো-,গ্লাইকোজেন
758,মাইক্রোভিলাইগুলো একত্রিতভাবে ক্ষুদ্রান্ত্রের উপরিভাগে কী সৃষ্টি করে?,ব্রাশ বর্ডার
759,স্থূলতার সহিত সম্পর্কযুক্ত রোগ কোনটি?,করোনারি হার্ট ডিজিজ
760,ফুসফুসের গঠন ও কার্যগত একক-,অ্যালভিওলাস
761,স্বাভাবিক মূত্রের বর্ণ হালকা হলুদ হয় কিসের উপস্থিতিতে?,ইউরোক্রোম
762,নিচের কোনটি ক্লাভিকলের বৈশিষ্ট্য?,এটি একটি বাঁকানো অস্থি
763,চলনের সময় হাঁটুকে ভাঁজ করে কোন মাংসপেশী?,বাইসেপস ফিমোরিস
764,মেরুদন্ডের এটলাস ও এক্সিসের মধ্যবর্তী অস্থিসন্ধি কোনটি?,কীলক
765,মোটর প্রকৃতির স্নায়ু কোনটি?,হাইপোগ্লোসাল
766,সন্তান প্রসবে কোন হরমোন সাহায্য করে?,অক্সিটোসিন
767,মায়ের দুধে কি ধরনের প্রতিরক্ষা থাকে?,প্রাকৃতিক অক্রিয়
768,অ্যান্টিবডি ক্ষরণ করে কোন কোষ?,প্লাজমা কোষ
769,সর্বপ্রথম ভ্যাক্সিন কত সালে আবিষ্কৃত হয়?,1796
770,কোনটি সেক্স লিংকড ডিসঅর্ডার নয়?,ডায়াবেটিক ম্যালিটাস
771,কোয়াগুলেশন ফ্যাক্টর কোনটির অভাবে হিমোফিলিয়া হয়?,VIII ফ্যাক্টর
772,সপ্তম করোটিক স্নায়ু কোনটি?,ফেসিয়াল
773,মানবদেহে ক্যালসিয়াম ও ফসফরাসের বিপাক নিয়ন্ত্রণ করে কোন গ্রন্থি?,প্যারাথাইরয়েড
774,মানব দেহে নিষেক প্রক্রিয়া কোথায় সংঘটিত হয়?,ডিম্বনালি
775,প্রথম টেস্টটিউব বেবির নাম কী?,লুইস ব্রাউন
776,নিচের কোনটি মানুষের প্রাথমিক প্রতিরোধ ব্যবস্থা নয়?,ইন্টারফেরন
777,নিচের কোনটি সেক্স-লিংকড ডিসঅর্ডার নয়?,থ্যালাসেমিয়া
778,মারসুপিয়াল স্তন্যপায়ী প্রাণী কোন মহাদেশে পাওয়া যায়?,অস্ট্রেলিয়া
779,নিচের কোনটি দ্বিঅরীয় প্রতিসাম্য প্রাণীর উদাহরণ?,টিনোফোরা
780,হাইড্রার খাদ্য নয় কোনটি?,ছোট ঘাস
781,ঘাসফড়িংয়ের রক্ত সংবহনতন্ত্রের অংশ নয় কোনটি?,সম্মুখ বাহিকা
782,স্ত্রী রুইমাছ ডিম পাড়ে কখন?,জুন-আগস্ট মাস
783,নিচের কোন হরমোনটি পাকস্থলীর হাইড্রোক্লোরিক অ্যাসিড নিঃসরণ নিয়ন্ত্রণ করে?,গ্যাস্ট্রিন
784,নিচের কোনটি তৈরির প্রক্রিয়াকে এরিথ্রোপোয়েসিস বলে?,লোহিত রক্তকণিকা
785,হৃদ-ফুসফুস যন্ত্র (Heart-Lung Machine) কোন কাজে ব্যবহৃত হয়?,হৃৎপিণ্ডের বাইপাস সার্জারিতে
786,হেনলির লুপের অবস্থান বৃক্কের কোথায়?,বৃক্কীয় নালিকায়
787,মানবদেহের করোটিকাতে কতগুলো অস্থি আছে?,12টি
788,পূর্ণ সংবেদী স্নায়ু নয় কোনটি?,ফেসিয়াল স্নায়ু
789,প্রাপ্তবয়স্ক মানুষের মস্তিষ্কে নিউরনের সংখ্যা কত?,১০ বিলিয়ন
790,নিচের কোনটি মিশ্র গ্রন্থি নয়?,এড্রেনাল গ্রন্থি
791,বুকের দুধে কোন ধরনের ইমিউনোগ্লোবিন (Ig) থাকে?,IgE
792,"কনে হিমোফিলিয়া বাহক, বর সুস্থ, এদের সন্তানদের ক্ষেত্রে কোনটি মিথ্যা?",পুত্রদের সবাই সুস্থ হবে
793,ফিলোসফিকা জুওলজিক' গ্রন্থের রচয়িতা কে?,ল্যামার্ক
794,জুরাসিক সময়কাল বলা হয় কত আগের সময়কে?,সাড়ে ১৬ কোটি বছর
795,মস্তিষ্কের কোন অংশ মানুষের ক্ষুধা নিয়ন্ত্রণ করে?,হাইপোথ্যালামাস
796,ডেলটয়েড টিউবারসিটি কোন অস্থির অংশ?,হিউমেরাস
797,ফুসফুসের আবরণকে কি বলে?,প্লিওরা
798,নিচের কোনটি মানুষের দ্বিতীয় মস্তিষ্ক হিসাবে পরিচিত?,এন্টেরিক স্নায়ুতন্ত্র
799,কানের কোন অংশ ভারসাম্য রক্ষায় কাজ করে?,ভেস্টিবুলার যন্ত্র
800,নিচের কোন হরমোনটি মানুষের ডিম্বাশয় থেকে নিঃসৃত হয়??,প্রজেস্টেরন
801,কোন চক্রের মাধ্যমে যকৃতে ইউরিয়া তৈরী হয়?,অরনিথিন চক্র
802,কোন এন্টিবডি প্রধানত এলার্জির সাথে সংশ্লিষ্ট?,IgE
803,মানবদেহে সপ্তম করোটিক স্নায়ুর নাম কি?,ফেসিয়াল স্নায়ু
804,এনজিওপ্লাস্টি করলে কি হয়?,সরু ধমনী প্রশস্ত হয়
805,কোন কোষ হেপারিন তৈরী ও নিঃসরণ করে?,বেসোফিল
806,ডাক্টাস ক্যুভেইরি রুই মাছের কোন তন্ত্রের অংশ?,শিরাতন্ত্র
807,পেসমেকারের কাজ কি?,হৃদস্পন্দনের ধীরগতি নিয়ন্ত্রণ করে
808,"পূর্ণবয়স্ক সুস্থ মানুষের দুই বৃক্কে প্রতি মিনিটে মোট রক্ত সঞ্চালনের
পরিমাণ-",১২০০ মিঃ লিঃ
809,কোনটির উপস্থিতিতে স্নেহ পদার্থের ইমালসিফিকেশন হয়?,বাইল সল্ট
810,নিচের কোনটি নাইট্রোজেনবিহীন পদার্থ?,ল্যাকটিক এসিড
811,মুখে খাওয়ার পোলিও ভ্যাকসিনটি কোন ধরনের ভ্যাকসিন?,জীবনস্মৃত জীবন্ত টিকা
812,নিচের কোনটি ম্যাক্রোফেজের কাজ নয়?,বিভিন্ন ধরনের এন্টিবডি তৈরি করা
813,অন্তঃশ্বসন-,"A,B"
814,Mollusca এর ক্ষেত্রে কোনটি সঠিক?,নরম ও অখন্ডায়িত
815,গ্লুকাগন-,ইনসুলিনের সাথে বিপরীতভাবে সম্পর্কিত
816,মানবদেহে কোনটি লুপ্তপ্রায় অংগ?,থাইমাস
817,কোন উদ্দীপনা অ্যানিমোট্যাক্সিসকে প্রভাবিত করে?,বায়ুপ্রবাহ
818,মায়োফাইব্রিলে কি ধরনের আমিষ থাকে?,অ্যাকটিন এবং মায়োসিন
819,অন্ত্রের প্রথম প্রতিরক্ষার স্তর কোনটি?,"পাকস্থলির অ্যাসিড, মাইক্রোবায়োম ও মলত্যাগ"
820,বুকের দুধের কোন উপাদানটি নবজাতকের প্রতিরক্ষায় কার্যকর?,ইমিউনোগ্লোবুলিন-এ
821,নিচের কোন স্তন্যপায়ী প্রাণী ডিম পাড়ে?,প্লাটিপাস (Platypus)
823,নিচের চার প্রকোষ্ঠ বিশিষ্ট হৃদপিন্ড কোন প্রাণীতে দেখা যায়?,কুমীর
824,কোন hormone পাকস্থলির এসিড নিঃসরণ নিয়ন্ত্রণ করে?,গ্যাস্ট্রিন
825,কোন কোষ বিভাজন পদ্ধতিতে RBC তৈরি হয়?,mitosis
826,কোন hormone রক্তে Na+ এবং K+ এর সমতা রক্ষা করে?,এলডোস্টেরন
827,স্বাভাবিক অবস্থায় হৃদপিন্ডের পেসমেকার কোনটি?,SA node
828,নিচের কোন রক্তকণিকাটি স্মৃতিকোষ?,লিম্ফোসাইট
829,যকৃতে অবস্থিত ম্যাক্রোফেজকে কি কোষ বলে?,কুফার কোষ
830,পূর্ণবয়স্ক সুস্থ মানুষের দেহের ওজনের কত শতাংশ রক্ত থাকে?,৭-৮%
831,নিচের কোনটিতে হাইড্রার বহিঃকোষীয় পরিপাক সংঘটিত হয়?,সিলেন্টেরন
832,ব্লাড গ্রুপ AB তে প্লাজমায়-,কোন antibody থাকে না
833,কোনটি প্লাজমা প্রোটিন নয়?,ক্রিয়েটিনিন
834,কোন রক্তকণিকা দেহে antibody তৈরি করে?,বি-লিম্ফোসাইট
835,কোনটি Live attenuated ভ্যাক্সিন?,হাম
836,আমাদের জাতীয় পাখির বৈজ্ঞানিক নাম কি?,Copsychus saularis
837,মানবদেহের কোন অঙ্গে সবচেয়ে বেশি মাত্রায় রক্ত প্রবাহিত হয়?,যকৃত
838,ক্ষুদ্রান্ত্রের কোন স্তরে গবলেট কোষ থাকে?,মিউকোসা
839,ভ্রুণ অবস্থায় মাতৃগর্ভে কখন প্রথম হৃদস্পন্দন শুরু হয়?,ষষ্ঠ সপ্তাহ
840,মাতৃদুগ্ধে কোন ধরনের immunoglobulin থাকে?,IgA
841,মানুষের হৃদপিন্ডের কোন প্রকোষ্ঠের প্রাচীর সবচেয়ে পুরু?,বাম নিলয়
842,প্রজাপতি' এর প্রতিসাম্যতা কোন ধরনের?,দ্বিপার্শ্বীয়
843,ঘাসফড়িং এর কোন গ্রন্থি থেকে জুভেনাইল হরমোন ক্ষরিত হয়?,কর্পোরা অ্যালাটা
844,রক্তে অক্সিজেনের মাত্রা (O₂ saturation) ও হৃদস্পন্দন পরিমাপক যন্ত্রের নাম হল-,পালস অক্সিমিটার
845,কেঁচো কোন অঙ্গের মাধ্যমে শ্বাসপ্রশ্বাস নেয়?,ত্বক
846,কোন এনজাইম লালা গ্রন্থিতে পাওয়া যায়?,টায়ালিন
847,"কোন রক্ত কনিকা ""cell-mediated immunity” এর সাথে সম্পৃক্ত?",টি-লিম্ফোসাইট (T-lymphocyte)
848,কোনটি autosomal recessive disorder?,থ্যালাসেমিয়া
849,কোন এনজাইম আমিষ পরিপাকে সাহায্য করে?,ট্রিপসিন
850,কোন পদ্ধতিতে কোভিড ১৯ ভ্যাক্সিন প্রস্তুত করা হয় না?,বিষভিত্তিক (Toxoid)
851,কোনটি ভাইরাস বৃদ্ধিতে বাঁধা দেয়?,Interferon
852,Alveolus থেকে অক্সিজেন রক্তে কিভাবে প্রবেশ করে?,Diffusion
853,কোনটি Exocrine গ্রন্থি নয়?,Thyroid gland
854,কোনটি হাড়ের সাথে পেশি সংযুক্ত করে?,Tendon
855,মানবদেহের রক্তে কোন বাফার দ্রবণ (buffer solution) থাকে?,NaHCO3 and H2CO3
856,কোনটি আমিষ পরিপাককারী (digesting) এনজাইম?,Pepsin
857,নেমাটোসিস্টের (Nematocyst) ভিতরে বিষাক্ত তরল পদার্থের নাম কী?,Hypnotoxin
858,ঘাসফড়িং এর রক্ত কণিকার নাম কী?,Hemocyte
859,ক্ষুদ্রান্ত্রের কোন স্তরে পানপাত্র সেল (Goblet cell) পাওয়া যায়?,Mucosa
860,মাথার খুলিতে কয়টি হাড় রয়েছে?,29
861,কোনটি attenuated টিকা?,BCG vaccine
862,কোন কোষ ম্যাক্রোফেজে (macrophages) রূপান্তরিত হয়?,Monocyte
863,কোন পদ্ধতিতে Hydra লম্বা দূরত্ব অতিক্রম করে?,হামাগুড়ি (looping)
864,কোষের কোথায় ক্রেবস চক্র (Krebs cycle) সংঘটিত হয়?,Mitochondria
865,কোন এনজাইম অগ্ন্যাশয়ে নাই?,Ptyalin
866,ভ্রূণে লোহিত কণিকাসমূহ নিম্নের কোথায় তৈরি হয়?,"A,C"
867,প্রাণিজগতের বৃহত্তম Phylum কোনটি?,Arthropoda
868,লিভারের কোন লোবটি পিত্তথলির সাথে সংযুক্ত থাকে?,Right lobe
869,মানুষের সোমাটিক কোষে কয়টি অটোসোম থাকে?,44
870,গ্রোথ হরমোন কোথায় তৈরি হয়?,Pituitary gland
871,Golgi complex কোনটি সংশ্লেষ (synthesis) করে না?,Ribosome
872,পেসমেকারে কোন ব্যাটারি ব্যবহৃত হয়?,লিথিয়াম
873,দ্বিপদ নামকরণের জনক কে?,ক্যারোলাস লিনিয়াস
874,অন্তঃশ্বসন প্রধানত কোষের কোথায় সংঘটিত হয়?,মাইটোকন্ড্রিয়া
875,নিচের কোনটি হিমোসিলোমেট?,আর্থ্রোপোডা
876,কোনটির 6 টি কোডন আছে?,লিউসিন
877,অত্যাবশ্যকীয় অ্যামিনো এসিড নয় কোনটি?,লাইসিন
878,ইনসুলিন কোথা থেকে নিঃসৃত হয়?,বিটা কোষ থেকে
879,মৎস্যখনি বলা হয়?,হালদা
880,অ্যাপেন্ডিক্স কোথায় থাকে?,সিকোমে
881,পিত্তথলি কোথায় উন্মুক্ত হয়?,ডিওডেনামে
882,কত BMI কে স্বাভাবিক ওজন হিসেবে ধরা হয়?,18.5-24.9
883,লোহিত রক্তকণিকার সাথে সম্পৃক্ত নয় কোনটি?,ফ্যাগোসাইটোসিস
884,কোনটি O₂ যুক্ত রক্ত পরিবহন করে?,পালমোনারি শিরা
885,কোনটি লালাগ্রন্থি নয়?,ম্যাক্সিলারি
886,স্বরযন্ত্রের তরুণাস্থি নয় কোনটি?,হাইওয়েড
887,শ্রোণী অস্থি নয় কোনটি?,ভোমার
888,দেহের ভারসাম্য রক্ষা করে কোনটি?,অন্তঃকর্ণ
889,বয়ঃসন্ধিকালে জরায়ু বৃদ্ধি নিয়ন্ত্রণে ভূমিকা নেই কার?,টেস্টোস্টেরন
890,গ্রন্থিরাজ বলা হয় কোনটিকে?,পিটুইটারি
891,মানবদেহে কোন ইউমিউনোগ্লোবিউলিন অনুপস্থিত?,IgB
892,সেক্স লিঙ্কড জিন নয় কোনটি?,ডাইবেটিস মেলাইটাস
893,রক্ত জমাট বাধার ফ্যাক্টর নয় কোনটি?,K
894,নিচের কোন প্রাণীটি ত্রিস্তরী?,কেঁচো
895,মস্তিষ্কের কোন অংশ মানুষের ক্ষুধা নিয়ন্ত্রণ করে?,হাইপোথ্যালামাস
896,ডেলটয়েড টিউবারসিটি কোন অস্থির অংশ?,হিউমেরাস
897,ফুসফুসের আবরণকে কি বলে?,প্লিওরা
898,নিচের কোনটি মানুষের দ্বিতীয় মস্তিষ্ক হিসাবে পরিচিত?,এন্টেরিক স্নায়ুতন্ত্র
899,কানের কোন অংশ ভারসাম্য রক্ষায় কাজ করে?,ভেস্টিবুলার যন্ত্র
900,নিচের কোন হরমোনটি মানুষের ডিম্বাশয় থেকে নিঃসৃত হয়??,প্রজেস্টেরন
901,কোন চক্রের মাধ্যমে যকৃতে ইউরিয়া তৈরী হয়?,অরনিথিন চক্র
902,কোন এন্টিবডি প্রধানত এলার্জির সাথে সংশ্লিষ্ট?,IgE
903,মানবদেহে সপ্তম করোটিক স্নায়ুর নাম কি?,ফেসিয়াল স্নায়ু
904,এনজিওপ্লাস্টি করলে কি হয়?,সরু ধমনী প্রশস্ত হয়
905,কোন কোষ হেপারিন তৈরী ও নিঃসরণ করে?,বেসোফিল
906,ডাক্টাস ক্যুভেইরি রুই মাছের কোন তন্ত্রের অংশ?,শিরাতন্ত্র
907,পেসমেকারের কাজ কি?,হৃদস্পন্দনের ধীরগতি নিয়ন্ত্রণ করে
908,"পূর্ণবয়স্ক সুস্থ মানুষের দুই বৃক্কে প্রতি মিনিটে মোট রক্ত সঞ্চালনের
পরিমাণ-",১২০০ মিঃ লিঃ
909,কোনটির উপস্থিতিতে স্নেহ পদার্থের ইমালসিফিকেশন হয়?,বাইল সল্ট
910,নিচের কোনটি নাইট্রোজেনবিহীন পদার্থ?,ল্যাকটিক এসিড
911,মুখে খাওয়ার পোলিও ভ্যাকসিনটি কোন ধরনের ভ্যাকসিন?,জীবনস্মৃত জীবন্ত টিকা
912,নিচের কোনটি ম্যাক্রোফেজের কাজ নয়?,বিভিন্ন ধরনের এন্টিবডি তৈরি করা
913,অন্তঃশ্বসন-,"A,B"
914,Mollusca এর ক্ষেত্রে কোনটি সঠিক?,নরম ও অখন্ডায়িত
915,গ্লুকাগন-,ইনসুলিনের সাথে বিপরীতভাবে সম্পর্কিত
916,মানবদেহে কোনটি লুপ্তপ্রায় অংগ?,থাইমাস
917,কোন উদ্দীপনা অ্যানিমোট্যাক্সিসকে প্রভাবিত করে?,বায়ুপ্রবাহ
918,মায়োফাইব্রিলে কি ধরনের আমিষ থাকে?,অ্যাকটিন এবং মায়োসিন
919,অন্ত্রের প্রথম প্রতিরক্ষার স্তর কোনটি?,"পাকস্থলির অ্যাসিড, মাইক্রোবায়োম ও মলত্যাগ"
920,বুকের দুধের কোন উপাদানটি নবজাতকের প্রতিরক্ষায় কার্যকর?,ইমিউনোগ্লোবুলিন-এ
921,নিচের কোন স্তন্যপায়ী প্রাণী ডিম পাড়ে?,প্লাটিপাস (Platypus)
923,নিচের চার প্রকোষ্ঠ বিশিষ্ট হৃদপিন্ড কোন প্রাণীতে দেখা যায়?,কুমীর
924,কোন hormone পাকস্থলির এসিড নিঃসরণ নিয়ন্ত্রণ করে?,গ্যাস্ট্রিন
925,কোন কোষ বিভাজন পদ্ধতিতে RBC তৈরি হয়?,mitosis
926,কোন hormone রক্তে Na+ এবং K+ এর সমতা রক্ষা করে?,এলডোস্টেরন
927,স্বাভাবিক অবস্থায় হৃদপিন্ডের পেসমেকার কোনটি?,SA node
928,নিচের কোন রক্তকণিকাটি স্মৃতিকোষ?,লিম্ফোসাইট
929,যকৃতে অবস্থিত ম্যাক্রোফেজকে কি কোষ বলে?,কুফার কোষ
930,পূর্ণবয়স্ক সুস্থ মানুষের দেহের ওজনের কত শতাংশ রক্ত থাকে?,৭-৮%
931,নিচের কোনটিতে হাইড্রার বহিঃকোষীয় পরিপাক সংঘটিত হয়?,সিলেন্টেরন
932,ব্লাড গ্রুপ AB তে প্লাজমায়-,কোন antibody থাকে না
933,কোনটি প্লাজমা প্রোটিন নয়?,ক্রিয়েটিনিন
934,কোন রক্তকণিকা দেহে antibody তৈরি করে?,বি-লিম্ফোসাইট
935,কোনটি Live attenuated ভ্যাক্সিন?,হাম
936,আমাদের জাতীয় পাখির বৈজ্ঞানিক নাম কি?,Copsychus saularis
937,মানবদেহের কোন অঙ্গে সবচেয়ে বেশি মাত্রায় রক্ত প্রবাহিত হয়?,যকৃত
938,ক্ষুদ্রান্ত্রের কোন স্তরে গবলেট কোষ থাকে?,মিউকোসা
939,ভ্রুণ অবস্থায় মাতৃগর্ভে কখন প্রথম হৃদস্পন্দন শুরু হয়?,ষষ্ঠ সপ্তাহ
940,মাতৃদুগ্ধে কোন ধরনের immunoglobulin থাকে?,IgA
941,মানুষের হৃদপিন্ডের কোন প্রকোষ্ঠের প্রাচীর সবচেয়ে পুরু?,বাম নিলয়
942,প্রজাপতি' এর প্রতিসাম্যতা কোন ধরনের?,দ্বিপার্শ্বীয়
943,ঘাসফড়িং এর কোন গ্রন্থি থেকে জুভেনাইল হরমোন ক্ষরিত হয়?,কর্পোরা অ্যালাটা
944,রক্তে অক্সিজেনের মাত্রা (O₂ saturation) ও হৃদস্পন্দন পরিমাপক যন্ত্রের নাম হল-,পালস অক্সিমিটার
945,কেঁচো কোন অঙ্গের মাধ্যমে শ্বাসপ্রশ্বাস নেয়?,ত্বক
946,কোন এনজাইম লালা গ্রন্থিতে পাওয়া যায়?,টায়ালিন
947,"কোন রক্ত কনিকা ""cell-mediated immunity” এর সাথে সম্পৃক্ত?",টি-লিম্ফোসাইট (T-lymphocyte)
948,কোনটি autosomal recessive disorder?,থ্যালাসেমিয়া
949,কোন এনজাইম আমিষ পরিপাকে সাহায্য করে?,ট্রিপসিন
950,কোন পদ্ধতিতে কোভিড ১৯ ভ্যাক্সিন প্রস্তুত করা হয় না?,বিষভিত্তিক (Toxoid)
951,কোনটি ভাইরাস বৃদ্ধিতে বাঁধা দেয়?,Interferon
952,Alveolus থেকে অক্সিজেন রক্তে কিভাবে প্রবেশ করে?,Diffusion
953,কোনটি Exocrine গ্রন্থি নয়?,Thyroid gland
954,কোনটি হাড়ের সাথে পেশি সংযুক্ত করে?,Tendon
955,মানবদেহের রক্তে কোন বাফার দ্রবণ (buffer solution) থাকে?,NaHCO3 and H2CO3
956,কোনটি আমিষ পরিপাককারী (digesting) এনজাইম?,Pepsin
957,নেমাটোসিস্টের (Nematocyst) ভিতরে বিষাক্ত তরল পদার্থের নাম কী?,Hypnotoxin
958,ঘাসফড়িং এর রক্ত কণিকার নাম কী?,Hemocyte
959,ক্ষুদ্রান্ত্রের কোন স্তরে পানপাত্র সেল (Goblet cell) পাওয়া যায়?,Mucosa
960,মাথার খুলিতে কয়টি হাড় রয়েছে?,29
961,কোনটি attenuated টিকা?,BCG vaccine
962,কোন কোষ ম্যাক্রোফেজে (macrophages) রূপান্তরিত হয়?,Monocyte
963,কোন পদ্ধতিতে Hydra লম্বা দূরত্ব অতিক্রম করে?,হামাগুড়ি (looping)
964,কোষের কোথায় ক্রেবস চক্র (Krebs cycle) সংঘটিত হয়?,Mitochondria
965,কোন এনজাইম অগ্ন্যাশয়ে নাই?,Ptyalin
966,ভ্রূণে লোহিত কণিকাসমূহ নিম্নের কোথায় তৈরি হয়?,"A,C"
967,প্রাণিজগতের বৃহত্তম Phylum কোনটি?,Arthropoda
968,লিভারের কোন লোবটি পিত্তথলির সাথে সংযুক্ত থাকে?,Right lobe
969,মানুষের সোমাটিক কোষে কয়টি অটোসোম থাকে?,44
970,গ্রোথ হরমোন কোথায় তৈরি হয়?,Pituitary gland
971,Golgi complex কোনটি সংশ্লেষ (synthesis) করে না?,Ribosome
972,পেসমেকারে কোন ব্যাটারি ব্যবহৃত হয়?,লিথিয়াম
973,দ্বিপদ নামকরণের জনক কে?,ক্যারোলাস লিনিয়াস
974,অন্তঃশ্বসন প্রধানত কোষের কোথায় সংঘটিত হয়?,মাইটোকন্ড্রিয়া
975,নিচের কোনটি হিমোসিলোমেট?,আর্থ্রোপোডা
976,কোনটির 6 টি কোডন আছে?,লিউসিন
977,অত্যাবশ্যকীয় অ্যামিনো এসিড নয় কোনটি?,লাইসিন
978,ইনসুলিন কোথা থেকে নিঃসৃত হয়?,বিটা কোষ থেকে
979,মৎস্যখনি বলা হয়?,হালদা
980,অ্যাপেন্ডিক্স কোথায় থাকে?,সিকোমে
981,পিত্তথলি কোথায় উন্মুক্ত হয়?,ডিওডেনামে
982,কত BMI কে স্বাভাবিক ওজন হিসেবে ধরা হয়?,18.5-24.9
983,লোহিত রক্তকণিকার সাথে সম্পৃক্ত নয় কোনটি?,ফ্যাগোসাইটোসিস
984,কোনটি O₂ যুক্ত রক্ত পরিবহন করে?,পালমোনারি শিরা
985,কোনটি লালাগ্রন্থি নয়?,ম্যাক্সিলারি
986,স্বরযন্ত্রের তরুণাস্থি নয় কোনটি?,হাইওয়েড
987,শ্রোণী অস্থি নয় কোনটি?,ভোমার
988,দেহের ভারসাম্য রক্ষা করে কোনটি?,অন্তঃকর্ণ
989,বয়ঃসন্ধিকালে জরায়ু বৃদ্ধি নিয়ন্ত্রণে ভূমিকা নেই কার?,টেস্টোস্টেরন
990,গ্রন্থিরাজ বলা হয় কোনটিকে?,পিটুইটারি
991,মানবদেহে কোন ইউমিউনোগ্লোবিউলিন অনুপস্থিত?,IgB
992,সেক্স লিঙ্কড জিন নয় কোনটি?,ডাইবেটিস মেলাইটাস
993,রক্ত জমাট বাধার ফ্যাক্টর নয় কোনটি?,K
994,নিচের কোন প্রাণীটি ত্রিস্তরী?,কেঁচো
995,কোন hormone পাকস্থলির এসিড নিঃসরণ নিয়ন্ত্রণ করে?,গ্যাস্ট্রিন
996,কোন কোষ বিভাজন পদ্ধতিতে RBC তৈরি হয়?,mitosis
997,কোন hormone রক্তে Na+ এবং K+ এর সমতা রক্ষা করে?,এলডোস্টেরন
998,স্বাভাবিক অবস্থায় হৃদপিন্ডের পেসমেকার কোনটি?,SA node
999,নিচের কোন রক্তকণিকাটি স্মৃতিকোষ?,লিম্ফোসাইট
1000,যকৃতে অবস্থিত ম্যাক্রোফেজকে কি কোষ বলে?,কুফার কোষ
